Dejan;JAKOVIÆ;Canada
Stoppila;SUNZU;Zambia
Wang;ZHENGHAO;China
;;
Pedro;AQUINO;Peru
;;
Ramahlwe;MPHAHLELE;South Africa
;;
Chadrac;AKOLO;Democratic Republic Of Congo
Jacob;TRATT;Australia
Yu;YU DABAO;China
Kebba;CEESAY;Gambia
Hu;HU RUIBAO;China
;;
Abo;EISA;Sudan
Seo;SEO JIN SU;South Korea
Allahyar;SAYYADMANESH;Iran
Han;HAN XUAN;China
Geng;XIAOFENG;China
Sam;JOHNSON;Liberia
Christopher;MARTINS;Luxemburg
Meris;SKENDEROVIÆ;Montenegro
Adi;YUSSUF;Tanzania
Zhang;ZHANG LIE;China
Rayan;RAVELOSON;Madagascar
Kevin;MOLINO;Trinidad And Tobago
Massimo;LUONGO;Australia
Elías;AGUILAR;Costa Rica
Lassina;TRAORÉ;Burkina Faso
Pervis;ESTUPI?ÁN;Ecuador
Roger;ESPINOZA;Honduras
Craig;GOODWIN;Australia
Liu;LIU GUOBO;China
Mohammed;SAHLAWI;Saudi Arabia
Yang;QIPENG;China
Bao;YAXIONG;China
Marcus;GODINHO;Canada
Joseph;MOLANGOANE;South Africa
Lei;TENGLONG;China
Liu;JUNSHUAI;China
Huang;BOWEN;China
Lloyd;PALUN;Gabon
Adrian;MARIAPPA;Jamaica
Innocent;MAELA;South Africa
Sui;SUI WEIJIE;China
Saleh;SAEED;Saudi Arabia
Hussain;MOQAHWI;Saudi Arabia
George;MALULEKA;South Africa
Bruce;BVUMA;South Africa
Rúnar;RÚNARSSON;Iceland
Dia;SABA;Israel
Kwame;YEBOAH;Australia
David;WOTHERSPOON;Canada
Sultan;SHARIF;Saudi Arabia
Park;MIN;South Korea
Song;MIN;South Korea
Wilson;EDUARDO;Angola
Nazmi;ALBADAWI;Palestine
Arbenit;XHEMAJLI;Kosovo
Mitchell;DUKE;Australia
Motaz;HAWSAWI;Saudi Arabia
Saeed;RUBAIE;Saudi Arabia
Gwon;GYU;South Korea
Steven;BEITASHOUR;Iran
Kim;BIN;South Korea
Xu;TIANYUAN;China
Julio;CASCANTE;Costa Rica
Xola;MLAMBO;South Africa
Qi;QI TIANYU;China
Alexander;DOMÍNGUEZ;Ecuador
Kim;WOO;South Korea
;;
;;
Han;JONG;South Korea
Lu;LU LIN;China
Luo;LUO YI;China
Yoon;GARAM;South Korea
Simao;SIMAO MATE;Mozambique
Ahmed;SULTAN;Saudi Arabia
Emmanuel;BANDA;Zambia
Ha;RAE;South Korea
Yang;SHIYUAN;China
Kwak;SEONG;South Korea
Enis;BARDHI;Macedonia
Pacifique;NIYONGABIRE;Burundi
Tate;RUSSELL;Australia
Stevan;JOVETIÆ;Montenegro
Victor;WANYAMA;Kenya
Assan;CEESAY;Gambia
;;
Saad;KHAYRI;Saudi Arabia
Dayne;CLAIR;Canada
Aleksandar;JOVANOVIÆ;Australia
Luke;GAMBIN;Malta
Russell;TEIBERT;Canada
Dakonam;DJENÉ;Togo
;;
Dong;CHUNYU;China
Jeong;YEONG;South Korea
Kim;HYEOK;South Korea
Ibrahima;CISSÉ;Guinea
Kang;WOO;South Korea
Maher;MUTAIRI;Saudi Arabia
Zhang;CHONG;China
Dirk;Central African RepublicLSON;Luxemburg
Koo;RYONG;South Korea
Vato;ARVELADZE;Georgia
Han;SU;South Korea
Vedat;MURIQI;Kosovo
Zhou;BOZHAO;China
Cédric;HOUNTONDJI;Benin
Zhang;ZHANG YUAN;China
Teenage;HADEBE;Zimbabwe
Abdoul;BA;Mauritania
Liu;WEIDONG;China
Amadou;DIAWARA;Guinea
;;
;REINILDO;Mozambique
;;
Louis;D'ARRIGO;Australia
Kim;KIM SU AN;South Korea
Gao;GAO DI;China
Jacques;MAGHOMA;Democratic Republic Of Congo
Feng;FENG JING;China
Zhang;XIZHE;China
Salman;MUWASHAR;Saudi Arabia
Alfa;SEMEDO;Guinea Bissau
Xu;XU YANG;China
Simon;GBEGNON;Togo
Michee;NGALINA;Democratic Republic Of Congo
;;
Yoshimar;YOTÚN;Peru
Aaron;MOOY;Australia
Ismet;LUSHAKU;Kosovo
Song;SONG LONG;China
Wang;WANG KAI;China
Milad;MOHAMMADI;Iran
Aaron;TSHIBOLA;Democratic Republic Of Congo
Vincent;PULE;South Africa
Elvis;REXHBEÇAJ;Kosovo
Xiang;HANTIAN;China
Mohamed;YATTARA;Guinea
Tong;XIAOXING;China
;;
Alireza;JAHANBAKHSH;Iran
Wei;WEI SHIHAO;China
Andrey;GALABINOV;Bulgaria
Nick;SUMAN;Australia
Choi;SOO;South Korea
Justin;HOYTE;Trinidad And Tobago
Joshua;BRILLANTE;Australia
Mark;BIRIGHITTI;Australia
Maxime;CHANOT;Luxemburg
Arnór;SIGUR?SSON;Iceland
Yu;YU HAO;China
Lee;HYEOK;South Korea
Jeisson;MARTÍNEZ;Peru
Khalid;GHAMDI;Saudi Arabia
Seo;JAE;South Korea
Tommy;OAR;Australia
David;DJIGLA;Benin
Diego;CAMPOS;Costa Rica
;;
Mohamed;EL-MUNIR;Libya
Jin;WOOK;South Korea
Matija;ŠARKIÆ;Montenegro
Mohammed;SAHLI;Saudi Arabia
Gan;GAN CHAO;China
Li;LI YUYANG;China
Ammar;NAJJAR;Saudi Arabia
Tao;QIANGLONG;China
Dino;DJULBIC;Australia
Willard;KATSANDE;Zimbabwe
Dylan;WENZEL-HALLS;Australia
Fidan;ALITI;Albania
Bai;BAI JIAJUN;China
Han;HEE;South Korea
Johnny;KOUTROUMBIS;Australia
Majid;HOSSEINI;Iran
Angus;THURGATE;Australia
Claudio;PIZARRO;Peru
Beram;KAYAL;Israel
Lee;YONG;South Korea
Ronald;MATARRITA;Costa Rica
Oh;GYU;South Korea
Sebastián;MÉNDEZ;Ecuador
;;
Liu;LIU YI;China
Yeon;WOON;South Korea
Happy;MASHIANE;South Africa
Chu;JINZHAO;China
Kim;KIM DA SOL;South Korea
Syam;YOUSSEF;Tunisia
Bruce;KAMAU;Australia
Yahia;NADER;Egypt
Jo;CHEOL;South Korea
Daniel;GEORGIEVSKI;Macedonia
Esteban;SAVELJICH;Montenegro
Kim;GYU;South Korea
Osman;KAKAY;Sierra Leone
Sory;KABA;Guinea
Aly;KEITA;Guinea
Mun;MIN;South Korea
Zachary;BRAULT-GUILLARD;Canada
Ko;HYUN;South Korea
Boris;CMILJANIC;Montenegro
Li;LI CHEN;China
Kim;WOO;South Korea
Gu;GU CAO;China
;;
Nathan;KONSTANDOPOULOS;Australia
Hwang;BEOM;South Korea
Zhang;ZHANG YU;China
Fang;JINGQI;China
Kim;KIM JIN SU;South Korea
Kang;HOON;South Korea
Noah;JAMES;Australia
Yang;YANG BOYU;China
Dean;BOUZANIS;Australia
Zhang;XIUWEI;China
Michael;HECTOR;Jamaica
Yang;YANG JUN A;South Korea
Mu;MU PENGFEI;China
Long;LONG WEI;China
Taulant;SEFERI;Albania
Hazaa;HAZAA;Saudi Arabia
David;JR.;Canada
;;
Anthony;CACERES;Australia
Ryan;MCGOWAN;Australia
Luis;ABRAM;Peru
Brendon;SHABANI;Albania
Lee;YEON;South Korea
Steven;UGARKOVIÆ;Australia
Giorgi;ABURJANIA;Georgia
Feng;BOXUAN;China
Kim;WOOK;South Korea
Beni;BANINGIME;Democratic Republic Of Congo
Saba;LOBJANIDZE;Georgia
Choi;GEUN;South Korea
Malick;EVOUNA;Gabon
Vedran;JANJETOVIÆ;Australia
Mthokozisi;DUBE;South Africa
Bryan;ANGULO;Ecuador
Khaleem;HYLAND;Trinidad And Tobago
Alasana;MANNEH;Gambia
Daniels;ONTUZANS;Latvia
Henrikh;MKHITARYAN;Armenia
Song;ZHIWEI;China
Alfred;NDENGANE;South Africa
Osama;ASHOOR;Saudi Arabia
Slimen;KCHOUK;Tunisia
Sékou;CONDÉ;Guinea
Edison;FLORES;Peru
Turki;AMMAR;Saudi Arabia
Paul-José;MPOKU;Democratic Republic Of Congo
Stefan;MUGOŠA;Montenegro
Lee;HO;South Korea
Ryu;WOO;South Korea
Awn;SALULI;Saudi Arabia
Josh;HOPE;Australia
Li;LI KE;China
Park;BIN;South Korea
Mohammed;KUWAYKIBI;Saudi Arabia
Bersant;CELINA;Kosovo
Jeong;JEONG HYUK;South Korea
Linda;MNTAMBO;South Africa
Sead;HAKŠABANOVIÈ;Montenegro
Henrikh;MKHITARYAN;Armenia
Francisco;CALVO;Costa Rica
Percy;TAU;South Africa
Linas;KLIMAVICIUS;Lithuania
Deng;HANWEN;China
Klaus;GJASULA;Albania
Cristian;GUTIÉRREZ;Canada
Massih;WASSEY;Canada
Edward;CHILUFYA;Zambia
Han;KWON;South Korea
Wang;GUOMING;China
Liu;LIU SHIBO;China
Cho;CHO JI HUN;South Korea
Kristófer;KRISTINSSON;Iceland
Lazarous;KAMBOLE;Zambia
Ilja;NESTOROVSKI;Macedonia
Zhang;CHENLONG;China
Joseph;MENDES;Guinea Bissau
;;
;;
Raheem;EDWARDS;Canada
Abdulaziz;ARYANI;Saudi Arabia
Shamit;SHOME;Canada
Greg;RANJITSINGH;Trinidad And Tobago
Gjoko;ZAJKOV;Macedonia
Kim;JAE;South Korea
Cui;CUI LIN;China
Wang;WANG JIE;China
Habib;WATYAN;Saudi Arabia
Kim;KIM OH GYU;South Korea
Jung;JUNG SAN;South Korea
Fahad;GHAZI;Saudi Arabia
Geoffrey;KONDOGBIA;Central African Republic
Darko;CHURLINOV;Macedonia
Patrik;GUNNARSSON;Iceland
Du;DU JIA;China
M?rcis;OŠS;Latvia
Lim;HYUB;South Korea
;;
Kim;JOON;South Korea
Assani;LUKIMYA;Democratic Republic Of Congo
Mustafa;BASSAS;Saudi Arabia
James;DELIANOV;Australia
Philani;ZULU;South Africa
Luke;DEVERE;Australia
Danny;VUKOVIC;Australia
Feng;ZHUOYI;China
Park;JAE;South Korea
;;
Iskandar;BUGHRAHAN;China
Anel;RASHKAJ;Kosovo
Dion;MALONE;Suriname
Lee;HYUN;South Korea
Aymen;ABDENNOUR;Tunisia
Kim;SUK;South Korea
Diego;FERRARESSO;Bulgaria
Junior;HOILETT;Canada
;;
Hatim;BELAL;Saudi Arabia
Maxime;CRÉPEAU;Canada
Kostadin;VELKOV;Bulgaria
Awer;MABIL;Australia
Kim;HYUNG;South Korea
Zhou;ZHOU XIN;China
Qasem;LAJAMI;Saudi Arabia
Karim;LARIBI;Tunisia
Lee;HYEONG;South Korea
Jonathan;DAVID;Canada
Kwon;HOON;South Korea
Thomas;STRAKOSHA;Albania
Ai;AI ZHIBO;China
Xu;XU XIN;China
Valeriane;GVILIA;Georgia
Aboubakary;KANTÉ;Gambia
Stefan;MILOŠEVIÆ;Montenegro
Jóan;EDMUNDSSON;Faroe Islands
Karim;AOUADHI;Tunisia
Manfred;STARKE;Namibia
Dimitar;EVTIMOV;Bulgaria
Strahil;POPOV;Bulgaria
Marko;VEŠOVIÆ;Montenegro
Ahn;KYU;South Korea
Rong;RONG HAO;China
Yang;GUOYUAN;China
Song;HYUNG;South Korea
Corey;BROWN;Australia
Duan;DUAN LIUYU;China
Anthony;JACKSON-HAMEL;Canada
Saleh;SHEHRI;Saudi Arabia
Andris;VANINS;Latvia
Ahmed;NAZERA;Saudi Arabia
Harry;ASCROFT;Australia
Chen;CHEN FUJUN;China
Lee;HEE;South Korea
Brian;MWILA;Zambia
Hassan;AMIN;Afghanistan
;;
Wang;ZHIFENG;China
Hassan;JAFRY;Saudi Arabia
Omar;KHARBIN;Syria
;NÚRIO;Angola
Xavier;ARREAGA;Ecuador
Kim;KIM HO JUN;South Korea
Park;HAN;South Korea
Xie;PENGFEI;China
Min;HYUN;South Korea
Firas;BIREKAN;Saudi Arabia
Rigoberto;RIVAS;Honduras
Gaël;ANDONIAN;Armenia
Rhys;BROWNE;Antigua And Barbuda
Wang;ZIMING;China
Óscar;DUARTE;Costa Rica
Liao;JUNJIAN;China
Modou;BARROW;Gambia
Feng;BOYUAN;China
Britt;ASSOMBALONGA;Democratic Republic Of Congo
Siphelele;NTSHANGASE;South Africa
Brian;WRIGHT;Canada
Ahmed;SHARAHILI;Saudi Arabia
Kim;KYUNG;South Korea
Rudy;GESTEDE;Benin
Andrija;VUKÈEVIÆ;Montenegro
Masood;BAKHIT;Saudi Arabia
Gerson;RODRIGUES;Luxemburg
Saido;BERAHINO;Burundi
Ballou;TABLA;Canada
Rúrik;GÍSLASON;Iceland
Danilo;ACOSTA;Honduras
Dylan;PIERIAS;Australia
Muslim;FURAYJ;Saudi Arabia
Hamad;MANSOUR;Saudi Arabia
Kris;TWARDEK;Canada
Li;LI ANG;China
Alex;WILKINSON;Australia
Iván;BULOS;Peru
Kim;JOON;South Korea
Nathaniel;ATKINSON;Australia
;;
Ha;UN;South Korea
Abdullah;HAFITH;Saudi Arabia
Yu;YU IN SOO;South Korea
Bö?var;BÖ?VARSSON;Iceland
Jason;DEMETRIOU;Cyprus
Costa;NHAMOINESU;Zimbabwe
Lamin;JALLOW;Gambia
Abraham;MAJOK;Kenya
Dieumerci;NDONGALA;Democratic Republic Of Congo
Ming;MING TIAN;China
Amro;TAREK;Egypt
Mergim;BERISHA;Kosovo
Choi;SOON;South Korea
Yannick;BOLASIE;Democratic Republic Of Congo
Zheng;ZHENG LONG;China
Khaled;ADÉNON;Benin
Carlos;GRUEZO;Ecuador
Jackson;IRVINE;Australia
Abdullah;AMMAR;Saudi Arabia
Trent;BUHAGIAR;Australia
Agim;ZEKA;Albania
Joo;KYU;South Korea
Choi;KYUNG;South Korea
Murtadha;BURAYH;Saudi Arabia
Kemar;LAWRENCE;Jamaica
Harrison;MANZALA;Democratic Republic Of Congo
Edon;ZHEGROVA;Kosovo
Meshari;THMALI;Saudi Arabia
Arton;ZEKAJ;Kosovo
Parfait;MANDANDA;Democratic Republic Of Congo
Alejandro;CHUMACERO;Bolivia
Lee;SUK;South Korea
Abdulfatah;ASERI;Saudi Arabia
Omar;HAWSAWI;Saudi Arabia
Alaixys;ROMAO;Togo
George;MELLS;Australia
Jason;BEAULIEU;Canada
Zhao;ZHAO XURI;China
Wen;WEN JIABAO;China
Hamad;JAYZANI;Saudi Arabia
Jeon;JIN;South Korea
Kim;BAE;South Korea
Feng;FENG GANG;China
Bozhidar;MITREV;Bulgaria
Bae;JONG;South Korea
Iván;BALLIU;Albania
Jason;DAVIDSON;Australia
Mathew;LECKIE;Australia
;;
Khaled;KAABI;Saudi Arabia
Musa;BARROW;Gambia
Mohammed;FEHAID;Saudi Arabia
Kearyn;BACCUS;Australia
Wang;WANG PENG;China
Lu;LU YAO;China
Mohammed;HARZAN;Saudi Arabia
Yao;YAO HANLIN;China
Cao;YONGJING;China
Ali;AWAJI;Saudi Arabia
Paul;IZZO;Australia
Choi;KYUNG;South Korea
Atiba;HUTCHINSON;Canada
Son;YONG;South Korea
Sultan;MANDASH;Saudi Arabia
;;
Sun;JUNGANG;China
;;
Durel;AVOUNOU;Republic Of The Congo
Abduwal;ABLET;China
Park;DONG;South Korea
Larrys;MABIALA;Democratic Republic Of Congo
Lee;HYEOB;South Korea
Talal;ABSI;Saudi Arabia
Erick;MATHOHO;South Africa
Micheal;AZIRA;Uganda
Afimico;PULULU;Angola
Daniel;KINUMBE;Canada
Rodney;WALLACE;Costa Rica
Yasser;MOSAILEM;Saudi Arabia
Joao;PLATA;Ecuador
Mario;SHABOW;Australia
Xiang;BAIXU;China
Asavela;MBEKILE;South Africa
Song;BOXUAN;China
Zhu;ZHU TING;China
Chris;ZUVELA;Australia
Imad;KHALILI;Palestine
Mansour;HARBI;Saudi Arabia
Guo;GUO HAO;China
Na;NA SANG HO;South Korea
Wang;JINXIAN;China
Kim;DAE;South Korea
Ahmed;ELMOHAMADY;Egypt
Herolind;SHALA;Kosovo
Jasser;KHMIRI;Tunisia
Gui;GUI HONG;China
Mehrdad;MOHAMMADI;Iran
Abdullah;OWAYSHIR;Saudi Arabia
Park;YOUNG;South Korea
Shen;SHEN JUN;China
;;
Ibrahim;MAHNASHI;Saudi Arabia
Noble;OKELLO;Canada
;;
Sumayhan;NABIT;Saudi Arabia
Qiu;QIU TIANYI;China
Antoni;IVANOV;Bulgaria
Kim;JIN;South Korea
Nigel;BOOGAARD;Australia
Stefan;RISTOVSKI;Macedonia
Mohamed;YOUSSOUF;Comoros
Wang;WANG DALEI;China
Jordan;BOTAKA;Democratic Republic Of Congo
Mohammed;KHUBRANI;Saudi Arabia
Madallah;OLAYAN;Saudi Arabia
Guo;GUO QUANBO;China
Leigh;BROXHAM;Australia
Kim;TAE;South Korea
Waleed;ABDULLAH;Saudi Arabia
Qin;QIN SHENG;China
Abdulmohsen;FALLATAH;Saudi Arabia
Park;SOO;South Korea
Kenny;ATHIU;South Sudan
Reeve;FROSLER;South Africa
Michael;ZULLO;Australia
Romell;QUIOTO;Honduras
Heung;SON;South Korea
Louis;AUTCHANGA;Gabon
Yang;BEEN;South Korea
Younes;DELFI;Iran
Uroš;ÐURANOVIÆ;Montenegro
Raghid;NAJJAR;Saudi Arabia
Leutrim;KRYEZIU;Kosovo
Omar;MUZAYIL;Saudi Arabia
Mbwana;SAMATTA;Tanzania
Zou;ZOU ZHENG;China
Cebio;SOUKOU;Benin
Na?m;SLITI;Tunisia
Ge;GE ZHEN;China
Kostandinos;GROZOS;Australia
Mohammed;SAIARI;Saudi Arabia
Christian;SÁNCHEZ;Cuba
Christian;LUYINDAMA;Democratic Republic Of Congo
Joo;WOO;South Korea
Dieumerci;MBOKANI;Democratic Republic Of Congo
Amir;RRAHMANI;Kosovo
Jefferson;FARFÁN;Peru
Suheyel;NAJAR;Tunisia
Cho;WAN;South Korea
Leart;PAQARADA;Kosovo
Malick;KEITA;Guinea
Keanu;BACCUS;Australia
Kim;WON;South Korea
Alphonso;DAVIES;Canada
He;HE CHAO;China
Park;YONG;South Korea
Son;HYEON;South Korea
Trova;BONI;Burkina Faso
Wu;WU XI;China
Hakim;OURO-SAMA;Togo
Jason;HOFFMAN;Australia
Yang;YANG YIHU;China
Theerathon;BUNMATHAN;Thailand
Florian;LOSHAJ;Kosovo
Mohammed;OWAIS;Saudi Arabia
Su;SU YUANJIE;China
Cao;CAO YANG;China
Shi;SHI LIANG;China
Wang;XIAOLONG;China
Kim;HWAN;South Korea
Ahmed;ASIRI;Saudi Arabia
Frédéric;VESELI;Albania
Bozhidar;KRAEV;Bulgaria
Georgi;KITANOV;Bulgaria
Song;KEUN;South Korea
Alex;GRANT;Australia
Cho;WOO;South Korea
Baba;FERNANDES;Guinea Bissau
Brandon;WILSON;Australia
Matthew;MILLAR;Australia
Kwon;HYUNG;South Korea
Li;LI XUEPENG;China
Saikou;JANNEH;Gambia
Lim;HYEOK;South Korea
Thomas;HEWARD-BELLE;Australia
Dimitri;PETRATOS;Australia
Joel;CHIANESE;Australia
Kim;SEONG;South Korea
Ihlas;BEBOU;Togo
Lee;JIN;South Korea
Chen;ZHECHAO;China
Harry;PATON;Canada
;BASTOS;Angola
Olivier;OCCÉAN;Canada
Edo;KAYEMBE;Democratic Republic Of Congo
Eljif;ELMAS;Macedonia
Sindrit;GURI;Albania
James;PANTEMIS;Canada
Kang;MU;South Korea
Fakhereedine;YOUSSEF;Tunisia
Jacob;PEPPER;Australia
Kim;SUNG;South Korea
Josué;HOMAWOO;Togo
Kang;SEONG;South Korea
Chen;CHEN JIE;China
Park;SEONG;South Korea
Umaru;BANGURA;Sierra Leone
;;
Kim;HWAN;South Korea
Park;PARK ILGYU;South Korea
;;
Cédric;BAKAMBU;Democratic Republic Of Congo
Oh;SEOK;South Korea
Majed;HAZAZI;Saudi Arabia
José;JOSÉ KANTÉ;Guinea
Ofir;MARCIANO;Israel
Connor;CHAPMAN;Australia
Jack;HINGERT;Australia
Derek;CORNELIUS;Canada
Kim;YONG;South Korea
Lee;LEE YONG;South Korea
Jin;YANGYANG;China
Hani;SIBYANI;Saudi Arabia
Adam;EL-ABD;Egypt
Idrissa;SYLLA;Guinea
Nikola;MILEUSNIÆ;Australia
Kwon;AHN;South Korea
Fabrice;N'SAKALA;Democratic Republic Of Congo
Abou;OUATTARA;Burkina Faso
Sin;SIN JIN HO;South Korea
Mamadu;CANDÉ;Guinea Bissau
Seo;SEO BO MIN;South Korea
Jason;LOKILO;Democratic Republic Of Congo
Wang;SHENCHAO;China
Hwang;MIN;South Korea
Luis;ADVÍNCULA;Peru
Wei;WEI JIAN;China
Ibrahima;SANKHON;Guinea
Marshall;MUNETSI;Zimbabwe
Oh;HOON;South Korea
Abdulrahman;GHAREEB;Saudi Arabia
Salem;DAWSARI;Saudi Arabia
Jiang;JIANG TAO;China
Kyriakos;STAMATOPOULOS;Canada
Abdullah;MEQRAN;Saudi Arabia
Sun;SUN LE;China
Frans;PUTROS;Iraq
Carlos;BEJARANO;Equatorial Guinea
Mishari;QAHTANI;Saudi Arabia
Han;SONG;North Korea
Wu;WU YAN;China
Agon;MEHMETI;Albania
Guram;KASHIA;Georgia
Jeong;WON;South Korea
Kwon;WON;South Korea
Hamad;SHAIE;Saudi Arabia
Liu;LIU YANG;China
Sa?d;BAKARI;Comoros
Son;SON JUN HO;South Korea
Yan;DINGHAO;China
Hamdan;SHAMRANI;Saudi Arabia
;ELKESON;China
Wang;WEILONG;China
Yeom;HUN;South Korea
;;
Jake;MCGING;Australia
;;
Adam;FEDERICI;Australia
Zhang;LINGFENG;China
Marcos;LÓPEZ;Peru
Song;KYU;South Korea
Matthew;ACTON;Australia
Muhannad;FALLATAH;Saudi Arabia
André;HAINAULT;Canada
Waleed;ANAZI;Saudi Arabia
Johan;BRANGER-ENGONE;Gabon
Mikael;ANDERSON;Iceland
Abdugheni;ABDUHAMIT;China
Moataz;BAQAWI;Saudi Arabia
;;
Kevin;MERCADO;Ecuador
;MATEUS;Angola
Zhao;MINGJIAN;China
Karol;METS;Estonia
Hamed;MAQATI;Saudi Arabia
Mohammed;SAEED;Saudi Arabia
Callum;TIMMINS;Australia
Jack;ROLES;Cyprus
Huang;BOWEN;China
Zhang;ZHANG WEI;China
Gylfi;SIGUR?SSON;Iceland
Radoslav;TSONEV;Bulgaria
Mohammed;ZUBAIDI;Saudi Arabia
Mukhtar;ALI;Saudi Arabia
Ding;DING JIE;China
Jefferson;MONTERO;Ecuador
Mohammed;JAHFALI;Saudi Arabia
Yan;YAN ZIHAO;China
Fu;FU HUAN;China
Ali;HASSAN;Saudi Arabia
Marash;KUMBULLA;Albania
Karamoko;CISSÉ;Guinea
Kim;JIN;South Korea
Meshari;SANYOR;Saudi Arabia
Nattawut;SUKSUM;Thailand
Yasser;SHAHRANI;Saudi Arabia
Cho;HYUK;South Korea
Omenuke;MFULU;Democratic Republic Of Congo
Zhong;YIHAO;China
Romario;IBARRA;Ecuador
Amir;ABRASHI;Albania
George;TIMOTHEOU;Australia
Mohammed;DHAW;Sudan
Alexis;GAMBOA;Costa Rica
Aleksandar;BOLJEVIÆ;Montenegro
Andrew;RUSSELL;Hong Kong
Taijo;TENISTE;Estonia
Chen;JUNLIN;China
Alhaji;KAMARA;Sierra Leone
Adam;STRAITH;Canada
Clévid;DIKAMONA;Republic Of The Congo
Larry;AZOUNI;Tunisia
Ari;SKÚLASON;Iceland
Luke;BRATTAN;Australia
Joo;HO;South Korea
Yang;YANG XU;China
Tal;HAIM;Israel
Piao;PIAO CHENG;China
Jonathan;PITROIPA;Burkina Faso
Luther;SINGH;South Africa
Zhang;CHENGDONG;China
Liam;MILLAR;Canada
Kim;SIK;South Korea
Nasser;DAJANI;Saudi Arabia
;;
Teit;JACOBSEN;Faroe Islands
Jiang;JIHONG;China
Kim;BEOM;South Korea
Jin;JIN BO;China
Nawaf;ABED;Saudi Arabia
Keagan;DOLLY;South Africa
Doneil;HENRY;Canada
Ibrahima;CONTÉ;Guinea
Youssouf;M'CHANGAMA;Comoros
Shan;HUANHUAN;China
Wesley;LAUTOA;New Caledonia
Jevani;BROWN;Jamaica
Kamohelo;MOKOTJO;South Africa
;;
;;
Abdullah;SHAMMARI;Saudi Arabia
Tang;JIASHU;China
Yu;YU JI HOON;South Korea
Kangin;KANGIN LEE;South Korea
Kim;JAE;South Korea
Yun;YOUNG;South Korea
Jin;JINGDAO;China
Jiang;WENJUN;China
Hassan;KADISH;Saudi Arabia
Kim;YEOL;South Korea
Tian;YINONG;China
Abdullah;SHAMEKH;Saudi Arabia
Kwoun;TAE;South Korea
Yagan;SASMAN;South Africa
Johanna;OMOLO;Kenya
Hussain;SALEM;Saudi Arabia
Tass;MOURDOUKOUTAS;Australia
Hussain;QAHTANI;Saudi Arabia
;;
Aqeel;SAHABI;Saudi Arabia
Yazeed;BAKR;Saudi Arabia
Feng;XIAOTING;China
Ma;HOON;South Korea
Lee;SU;South Korea
Wu;WU WEI;China
Adam;ARNARSON;Iceland
Jamie;MACLAREN;Australia
Theo;ROBINSON;Jamaica
Aristote;NSIALA;Democratic Republic Of Congo
Maurice;DEVILLE;Luxemburg
Bi;BI JINHAO;China
Zhou;ZHOU TING;China
Saqer;OTAYF;Saudi Arabia
Siyabonga;MPONTSHANE;South Africa
Lee;HOON;South Korea
Liu;LIU HENG;China
;;
Zhou;ZHOU YUN;China
Keylor;NAVAS;Costa Rica
Kim;SUK;South Korea
Ermir;LENJANI;Albania
Goran;PANDEV;Macedonia
Hwang;MIN;South Korea
Jürgen;GJASULA;Albania
Jung;YONG;South Korea
Haroune;CAMARA;Saudi Arabia
Abdul;RWATUBYAYE;Rwanda
Kim;HYEON;South Korea
Lee;DONG;South Korea
;BIKORO;Equatorial Guinea
Gabriel;ACHILIER;Ecuador
Dylan;FLORES;Costa Rica
Ali;ZAQAN;Saudi Arabia
;;
Chi;CHI WENYI;China
Hao;HAO JUNMIN;China
Lee;JAE;South Korea
Kei;KAMARA;Sierra Leone
Bekim;BALAJ;Albania
Wu;WU YIZHEN;China
Sveinn;GU?JOHNSEN;Iceland
Park;MIN;South Korea
Jin;JIN QIANG;China
Mathieu;CHOINI?RE;Canada
Naif;MOUSA;Saudi Arabia
Itumeleng;KHUNE;South Africa
;;
Lim;MIN;South Korea
;;
Kim;HYUN;South Korea
Hamad;HAWSAWI;Saudi Arabia
Kim;GIL;South Korea
Iban;SALVADOR;Equatorial Guinea
Wang;WANG GANG;China
Julian;JEANVIER;Guinea
Tino;KADEWERE;Zimbabwe
Chen;WEIMING;China
Khama;BILLIAT;Zimbabwe
Connor;METCALFE;Australia
Qazim;LAÇI;Albania
Radhi;OTAIBI;Saudi Arabia
Connor;O'TOOLE;Australia
Rey;MANAJ;Albania
Daniel;GORDON;Jamaica
Connor;PAIN;Australia
Cho;HYUNG;South Korea
Moon;HWAN;South Korea
Lee;YONG;South Korea
Dylan;BRONN;Tunisia
Nasser;CHAMED;Comoros
Mohamed;MARA;Guinea
Steven;VITÓRIA;Canada
Mihail;IVANOV;Bulgaria
Nikola;JAKIMOVSKI;Macedonia
Ahmad;BENALI;Libya
Brad;JONES;Australia
Zhang;ZHANG YI;China
Bandar;MUTAIRI;Saudi Arabia
Gu?mundur;?ÓRARINSSON;Iceland
Liu;LIU ZHENLI;China
Benjaloud;YOUSSOUF;Comoros
Thomas;GLOVER;Australia
Mohammed;SHALHOUB;Saudi Arabia
Jeong;YONG;South Korea
Ryang;GI;North Korea
Yassine;MERIAH;Tunisia
Filip;RAIÈEVIÆ;Montenegro
Daniel;BOWLES;Australia
Alexander;CALLENS;Peru
Yahia;SHEHRI;Saudi Arabia
Gao;GAO JIARUN;China
Jin;JIN TAIYAN;China
Chris;HAROLD;Australia
André;POKO;Gabon
Moon;YUN;South Korea
Zhang;ZHANG WEI;China
Cory;BURKE;Jamaica
Simon;FALETTE;Guinea
Luis;HAQUIN;Bolivia
Sessi;D'ALMEIDA;Benin
Mansour;JAWHAR;Saudi Arabia
Ben;MOTSHWARI;South Africa
Huang;ZICHANG;China
Shao;SHAO SHUAI;China
Bubacarr;SANNEH;Gambia
George;DAVIES;Sierra Leone
Park;JAE;South Korea
Justin;SHONGA;Zambia
Seifedin;CHABBI;Tunisia
;;
Abdullah;JOUI;Saudi Arabia
Dai;DAI LIN;China
Abdulmalek;KHAIBARI;Saudi Arabia
Zhu;JIANRONG;China
Lee;GI;South Korea
Simon;COLYN;Canada
Stefan;MAUK;Australia
;;
Raúl;RUIDÍAZ;Peru
Giorgi;MAKARIDZE;Georgia
José;ORTIZ;Costa Rica
Marvin;LORÍA;Costa Rica
;;
Li;LI SHUAI;China
Fashion;SAKALA;Zambia
Georgi;SARMOV;Bulgaria
Lim;WOOL;South Korea
Wang;WANG PENG;China
Fabian;MONGE;Australia
Kosta;PETRATOS;Australia
Mohammed;BURAIK;Saudi Arabia
Kim;KIM TAE HO;South Korea
Romain;MÉTANIRE;Madagascar
Leandro;MARTINS;Luxemburg
Emanuele;NDOJ;Albania
;ZAINADINE;Mozambique
Long;LONG CHENG;China
Xie;XIE WEIJUN;China
Rodolph;AUSTIN;Jamaica
;;
Ramzi;SOLAN;Saudi Arabia
Ali;ZUBAIDI;Saudi Arabia
Eryc;CASTILLO;Ecuador
Lee;HO;South Korea
Bernard;PARKER;South Africa
David;GUZMAN;Costa Rica
;FREDY;Angola
Andy;NAJAR;Honduras
Choi;WON;South Korea
James;HOLLAND;Australia
Amer;SHAFI;Jordan
Otar;KAKABADZE;Georgia
Dever;ORGILL;Jamaica
Joel;CAMPBELL;Costa Rica
James;DONACHIE;Australia
César;MUNDER;Cuba
André;Central African RepublicRILLO;Peru
Zhang;ZHANG LU;China
Yang;WANSHUN;China
Raid;GHAMDI;Saudi Arabia
Mustapha;BUNDU;Sierra Leone
Yu;YU ZIQIAN;China
Nie;AOSHUANG;China
Hwang;SOO;South Korea
Riyadh;SHARAHILI;Saudi Arabia
Yuan;MINCHENG;China
Gao;GAO TIANYI;China
Yacouba;COULIBALY;Burkina Faso
Wang;WANG TONG;China
Joel;VALENCIA;Ecuador
Wei;WEI ZHEN;China
Cyle;LARIN;Canada
Dumisani;ZUMA;South Africa
Alfre?;FINNBOGASON;Iceland
Bernie;IBINI;Australia
Shim;WOON;South Korea
Fahad;RASHIDI;Saudi Arabia
Zhou;ZHOU TONG;China
Mohammed;MAJRASHI;Saudi Arabia
Mitchell;LANGERAK;Australia
Yang;XIAOTIAN;China
Ahn;WOO;South Korea
Christoffer;MAFOUMBI;Republic Of The Congo
Matthías;VILHJÁLMSSON;Iceland
Saturnin;ALLAGBÉ;Benin
Abdullah;ATEEF;Saudi Arabia
François;KAMANO;Guinea
Jeong;IN;South Korea
Kim;HO;South Korea
Thomas;FONTAINE;Madagascar
Mohammad;BURAYH;Saudi Arabia
Mahlon;ROMEO;Antigua And Barbuda
Stone;MAMBO;Democratic Republic Of Congo
Paulo;RETRE;Australia
Lasha;PARUNASHVILI;Georgia
Tosaint;RICKETTS;Canada
Choi;EUN;South Korea
Jonathan;BOLINGI;Democratic Republic Of Congo
Luvuyo;MEMELA;South Africa
Risto;RADUNOVIÆ;Montenegro
Ahmad;HABIB;Saudi Arabia
Marvelous;NAKAMBA;Zimbabwe
Ben;HALLORAN;Australia
Harry;KYPRIANOU;Cyprus
Madis;VIHMANN;Estonia
Ben;KANTAROVSKI;Australia
;;
Luka;ÐORÐEVIÆ;Montenegro
Abdullah;MUTAIRI;Saudi Arabia
Fawaz;SAGOUR;Saudi Arabia
Im;YEONG;South Korea
Fabrizio;RAMÍREZ;Costa Rica
Nikola;VUKÈEVIÆ;Montenegro
Kim;SOO;South Korea
Fahad;SHAMMARI;Saudi Arabia
Yi;YI TENG;China
Nir;BITTON;Israel
Manor;SOLOMON;Israel
Mohammed;HAETI;Saudi Arabia
Li;LI JINQING;China
Park;HO;South Korea
Mark;MARSHALL;Jamaica
;;
Song;WENJIE;China
Saleh;QUMAYZI;Saudi Arabia
Shi;XIAODONG;China
Wang;HAIJIAN;China
Lebogang;PHIRI;South Africa
Mario;LEMINA;Gabon
;;
Jung;GOOK;South Korea
Lee;YONG;South Korea
Hong;HO;South Korea
;YAZALDE;Guinea Bissau
Lim;GYEOM;South Korea
Nasser;DAWSARI;Saudi Arabia
Liao;LISHENG;China
Enock;MWEPU;Zambia
Mazen;SHARARAH;Saudi Arabia
Giorgi;MEREBASHVILI;Georgia
Mohamed;KANNO;Saudi Arabia
Abdulrahman;OBAID;Saudi Arabia
Ángel;MENA;Ecuador
Mohammad;SHARIMI;Saudi Arabia
Rashawn;DALLY;Jamaica
Lee;HEON;South Korea
Clayton;DONALDSON;Jamaica
Abdel;ABDALLAH;Comoros
Abdullah;SALEH;Saudi Arabia
Mahmoud;EID;Palestine
Liu;LIU BINBIN;China
;;
Ernest;SEKA;Guinea
Siphosakhe;NTIYA-NTIYA;South Africa
Kim;KIM JUNGYA;South Korea
Kim;HOAN;South Korea
Fahad;JAMAYAH;Saudi Arabia
Faisal;DARISI;Saudi Arabia
Neil;KILKENNY;Australia
Scott;GALLOWAY;Australia
Andre;BLAKE;Jamaica
Han;HOON;South Korea
Besar;HALIMI;Kosovo
Abdullah;ZORI;Saudi Arabia
Dennis;SALANOVIC;Liechtenstein
Giorgi;KVILITAIA;Georgia
Saleh;JAMAN;Saudi Arabia
Ezgjan;ALIOSKI;Macedonia
Choe;JOON;South Korea
Kim;GUN;South Korea
Jérôme;MOMBRIS;Madagascar
Maynor;FIGUEROA;Honduras
Jung;RYONG;South Korea
Christopher;IKONOMIDIS;Australia
;;
Lee;YEOP;South Korea
Hristo;STOICHKOV;Bulgaria
Luís;LUÍS LEAL;Saint Thomas and Prince Islands
Wu;WU LEI;China
Park;YI-YOUNG;South Korea
Chen;CHEN LEI;China
Mohammed;ABUSABAAN;Saudi Arabia
Ye;CHONGQIU;China
Christopher;MFUYI;Democratic Republic Of Congo
Tendayi;DARIKWA;Zimbabwe
Etrit;BERISHA;Albania
Sim;MIN;South Korea
Lawrence;THOMAS;Australia
Ryan;WILLIAMS;Australia
Sui;SUI DONGLU;China
Ajdin;HRUSTIÆ;Australia
Kim;JOON;South Korea
Alon;TURGEMAN;Israel
Yeo;HAE;South Korea
Lee;KYUNG;South Korea
Neil;ETHERIDGE;Philippines
Hattan;BAHEBRI;Saudi Arabia
Serge-Junior;NGOUALI;Gabon
Ali;ASMARI;Saudi Arabia
Li;LI FANG;China
Hong;NAM;South Korea
Yaseen;BARNAWI;Saudi Arabia
Mi;MI HAOLUN;China
Liu;LIU LE;China
Ma;MA XINGYU;China
Guo;GUO TIANYU;China
Zeng;ZENG CHENG;China
Fawaz;QARNI;Saudi Arabia
Lewis;ITALIANO;Australia
Richie;LARYEA;Canada
Hristo;STOICHKOV;Bulgaria
Huang;ZHENGYU;China
Mohammed;OSMAN;Syria
;;
Hussain;SULAIMANI;Saudi Arabia
Rakan;NAJJAR;Saudi Arabia
Amiran;SANAIA;Georgia
Abdulmalek;SHAMMARY;Saudi Arabia
Joël;KIASSUMBUA;Democratic Republic Of Congo
Rayan;MOUSA;Saudi Arabia
Majed;KANABAH;Saudi Arabia
Moon;MIN;South Korea
Ibrahim;ZUBAIDI;Saudi Arabia
Kim;HWAN;South Korea
Hervin;ONGENDA;Democratic Republic Of Congo
Shan;PENGFEI;China
Lee;SUNG;South Korea
Ibrahima;TRAORÉ;Guinea
Yu;HUN;South Korea
Steeve;YAGO;Burkina Faso
Ren;REN HANG;China
Zhou;ZHOU YAJUN;China
Joel;KING;Australia
Jack;IREDALE;Australia
Saif;QESHTAH;Saudi Arabia
Jamille;MATT;Jamaica
Heo;JOON;South Korea
Lee;GOOK;South Korea
Erick;FERIGRA;Ecuador
Pak;RYONG;North Korea
Adis;JAHOVIÆ;Macedonia
Park;WOO;South Korea
Paolo;HURTADO;Peru
Abdulmajeed;SUWAT;Saudi Arabia
Suk;JUN;South Korea
Ivan;KECOJEVIÆ;Montenegro
Li;LI SHUAI;China
Daniel;MARGUSH;Australia
;BUATU;Angola
Hervé;KAGE;Democratic Republic Of Congo
Zhang;JINGYI;China
Abdulkarim;QAHTANI;Saudi Arabia
A.J.;DELAGARZA;Guam
Bailey;WRIGHT;Australia
Zhang;XIAOBIN;China
Abdulquddus;ATTIAH;Saudi Arabia
Riley;MCGREE;Australia
Abdulelah;AMRI;Saudi Arabia
Sultan;MASRAHI;Saudi Arabia
Wang;QIUMING;China
Hwang;BYEONGGEUN;South Korea
Mohammed;SHAHRANI;Saudi Arabia
;VAKO;Georgia
Joel;KAYAMBA;Democratic Republic Of Congo
Dong;HONGLIN;China
Valmir;SULEJMANI;Kosovo
;;
Samir;RAMIZI;Kosovo
Mohammed;AMRI;Saudi Arabia
Kundai;BENYU;Zimbabwe
Zhang;ZHANG GONG;China
Astrit;AJDAREVIÆ;Albania
Wayne;SANDILANDS;South Africa
Jacob;ITALIANO;Australia
Eggert;JÓNSSON;Iceland
Callum;ELDER;Australia
Idris;MIZOUNI;Tunisia
Abdulrahman;BARAKAH;Saudi Arabia
Abdulrahman;RIOU;Saudi Arabia
Felipe;CAICEDO;Ecuador
Ko;MIN;South Korea
Lee;WOO;South Korea
Huang;HUANG CONG;China
Mohammed;MAJHAD;Saudi Arabia
Cheng;YUELEI;China
Ben;WARLAND;Australia
Yang;YANG CHENG;China
Cui;CUI PENG;China
Tareq;ABDULLAH;Saudi Arabia
Li;LI JIANBIN;China
Gabriel;ZAKUANI;Democratic Republic Of Congo
Ali;MAZAIDI;Saudi Arabia
Jeong;YUN;South Korea
Axel;ANDRÉSSON;Iceland
Ramy;NAJJARINE;Australia
Ablie;JALLOW;Gambia
Aidi;FULANGXISI;China
Bradden;INMAN;Australia
Liu;LIU BOYANG;China
Mun;GUN;South Korea
Hassan;RAGHFAWI;Saudi Arabia
Bryan;OVIEDO;Costa Rica
Abrahim;SOUMAORO;Guinea
Ivan;YAGAN;Armenia
Elseid;HYSAJ;Albania
Amir;ABEDZADEH;Iran
;;
Ryan;KITTO;Australia
Brice;SAMBA;Republic Of The Congo
Désiré;AZANKPO;Benin
Yoann;TOUZGHAR;Tunisia
Alexander;JAKOBSEN;Egypt
Lee;KWON;South Korea
Jung;HWA;South Korea
Scott;MCDONALD;Australia
Kendall;WASTON;Costa Rica
Romeo;PARKES;Jamaica
Hong;HONG CHUL;South Korea
Han;WON;South Korea
Yang;MIN;South Korea
Arnór;SMÁRASON;Iceland
Osama;KHALAF;Saudi Arabia
Kim;MIN;South Korea
Cameron;DEVLIN;Australia
Lamine;SHERIF;Guinea Bissau
Kim;CHUN;South Korea
Park;IL;South Korea
Keidi;BARE;Albania
Gaël;KAKUTA;Democratic Republic Of Congo
Sheriff;SINYAN;Gambia
Jordan;O'DOHERTY;Australia
;;
Kabelo;MAHLASELA;South Africa
George;BLACKWOOD;Australia
Jo;JIN;South Korea
Li;LI YUANYI;China
An;BEOM;South Korea
Daniel;SILVA;Australia
Stefan;AŠKOVSKI;Macedonia
Thomas;DENG;Australia
;AKAPO;Equatorial Guinea
Arbër;ZENELI;Kosovo
Han;HAN RONGZE;China
Siyabonga;NGEZANA;South Africa
Zheng;DALUN;China
Nicolas;HASLER;Liechtenstein
Ba;BA DUN;China
Felix;TORRES;Ecuador
Li;LI HAILONG;China
Moon;JIN;South Korea
Tomer;HEMED;Israel
Wang;WANG FEI;China
;;
Park;JI;South Korea
Titas;MILAŠIUS;Lithuania
Andy;POLO;Peru
Lee;KI;South Korea
Lee;YOUNG;South Korea
Giorgi;PAPUNASHVILI;Georgia
Kim;YUB;South Korea
Yeni;NGBAKOTO;Democratic Republic Of Congo
André;CALISIR;Armenia
Omar;COLLEY;Gambia
Xiao;MINGJIE;China
Arijan;ADEMI;Macedonia
Moataz;ZEMZEMI;Tunisia
Ji;JI XIANG;China
Ding;HAIFENG;China
Mohammed;WAKID;Saudi Arabia
Andrew;REDMAYNE;Australia
Flamur;KASTRATI;Kosovo
Ivaylo;CHOCHEV;Bulgaria
Mohamed;ELNENY;Egypt
Matthieu;DOSSEVI;Togo
Abdulrahman;YAMI;Saudi Arabia
Jules;KEITA;Guinea
Harouna;DEMBA;Mauritania
Cho;GUN;South Korea
Wang;DALONG;China
Jordan;MURRAY;Australia
Kim;HAN;South Korea
Hong;UN;South Korea
Frederik;SCHRAM;Iceland
Kevin;ÁLVAREZ;Honduras
Jeong;HYUN;South Korea
Osama;MALIK;Australia
Pei;PEI SHUAI;China
Baek;GYU;South Korea
Bryan;DABO;Burkina Faso
Kim;JUNG;South Korea
Jiang;ZILEI;China
Chanathip;SONGKRASIN;Thailand
Silv?re;GANVOULA;Republic Of The Congo
Rubilio;CASTILLO;Honduras
Li;LI HAOWEN;China
Ye;YE CHUGUI;China
Leonard;ZUTA;Macedonia
Handwalla;BWANA;Kenya
Vince;LIA;Australia
Moctar;HACEN;Mauritania
Osama;RASHID;Iraq
Hassan;HABIB;Saudi Arabia
Liu;LIU YUN;China
Rhyan;GRANT;Australia
Justice;CHABALALA;South Africa
;;
Moudi;NAJJAR;Australia
Lars;GERSON;Luxemburg
Mohammed;QASEM;Saudi Arabia
Muhannad;ASIRI;Saudi Arabia
Zhou;HAIBIN;China
Hwang;WOOK;South Korea
Ryan;NYAMBE;Namibia
Demba;CAMARA;Guinea
Jérémy;MOREL;Madagascar
Tarek;ELRICH;Australia
Saeed;DOSARI;Saudi Arabia
Noor;HUSIN;Afghanistan
Omar;HAWSAWI;Saudi Arabia
Julian;DUNN;Canada
Awadh;KHREES;Saudi Arabia
Ariel;HARUSH;Israel
Sargis;ADAMYAN;Armenia
Lindon;SELAHI;Albania
Park;IN;South Korea
Thomas;HASAL;Canada
Jordan;HAMILTON;Canada
Jack;CLISBY;Australia
Mërgim;VOJVODA;Kosovo
Feng;RENLIANG;China
Park;JIN;South Korea
Donis;AVDIJAJ;Kosovo
Tando;VELAPHI;Australia
Floyd;AYITÉ;Togo
Jang;JANG HO IK;South Korea
Liu;LIU YI;China
Kim;BEOM;South Korea
Anderson;SANTAMARÍA;Peru
Mohammed;ATTIYAH;Saudi Arabia
Miler;BOLA?OS;Ecuador
Max;BURGESS;Australia
Abdullah;SALEM;Saudi Arabia
Zu;PENGCHAO;China
Zou;ZOU DEHAI;China
Ham;MIN;South Korea
Abdullah;JADANI;Saudi Arabia
Luka;ZARANDIA;Georgia
Kim;KIM HO NAM;South Korea
Ulises;SEGURA;Costa Rica
Wilfred;MOKE;Democratic Republic Of Congo
Li;LI CHAO;China
Amaar;DOHAIM;Saudi Arabia
Zaine;FRANCIS-ANGOL;Antigua And Barbuda
;;
Sergio;PE?A;Peru
Jay;CHAPMAN;Canada
Michael;BALDISIMO;Canada
Jin;JIN HUI;China
Nawaf;SUBHI;Saudi Arabia
Li;SHENGLONG;China
Idriz;VOCA;Kosovo
Kwak;HWI;South Korea
;;
Michael;MARRONE;Australia
Tyrese;FRANCOIS;Australia
Mo;EISA;Sudan
Yan;JUNLING;China
Didier;NDONG;Gabon
Joshua;CAVALLO;Australia
Kim;JU;South Korea
Ivan;FRANJIÆ;Australia
Myeong;JAE;South Korea
Qi;QI YUXI;China
Ousmane;KANTÉ;Guinea
Mirlind;KRYEZIU;Kosovo
;;
Lee;SOO;South Korea
Khaled;DUBAYSH;Saudi Arabia
Thievy;BIFOUMA;Republic Of The Congo
;;
David;NILSSON;Macedonia
Go;GO YO HAN;South Korea
Bryan;ACOSTA;Honduras
Sun;SUN SHOUBO;China
Wu;WU QING;China
Tawfiq;HAYMID;Saudi Arabia
Gonzalo;PLATA;Ecuador
Laorent;SHABANI;Albania
Abdulrahman;DAWSARI;Saudi Arabia
Kim;WOO;South Korea
Yasyn;HAMZA;Saudi Arabia
Oniel;FISHER;Jamaica
Henok;GOITOM;Eritrea
Arturo;MINA;Ecuador
Ha;MIN;South Korea
Ahmed;YASIN;Iraq
Saîf-Eddine;KHAOUI;Tunisia
Dylan;MCGOWAN;Australia
Marko;SIMONOVSKI;Macedonia
Sun;SUN QIBIN;China
Thomas;STRAKOSHA;Albania
Aaron;CALVER;Australia
Ylldren;IBRAHIMAJ;Kosovo
Bubacarr;TRAWALLY;Gambia
Chaker;ALHADHUR;Comoros
Ashley;MAYNARD-BREWER;Australia
Karifa;YAO;Canada
Yao;JUNSHENG;China
Choi;BAEK;South Korea
Shon;WEISSMAN;Israel
Samuel;PIETTE;Canada
Ryu;WOO;South Korea
Majed;NAJRANI;Saudi Arabia
Liu;LIU YIMING;China
Matthew;RUSIKE;Zimbabwe
Vykintas;SLIVKA;Lithuania
;;
Saša;BALIÆ;Montenegro
;;
Joaquim;AD?O;Angola
Ke;KE ZHAO;China
Li;CHENGLONG;China
Jung;HO;South Korea
Matthew;SUTTON;Australia
Issiaka;OUÉDRAOGO;Burkina Faso
Go;SEOK;South Korea
Luo;HANBOWEN;China
Atdhe;NUHIU;Kosovo
Zhang;ZHANG YUAN;China
Olivier;VERDON;Benin
Chong;SE;North Korea
Guélor;KANGA;Gabon
Farouk;MUSTAPHA;Tunisia
Hamdan;RUWAILI;Saudi Arabia
Jano;ANANIDZE;Georgia
Norberto;BRIASCO;Armenia
Jabor;ISSA;Saudi Arabia
Steve;MOUNIÉ;Benin
;NUHA;Gambia
Kong;HYEON;South Korea
Abdulaziz;MAJRASHI;Saudi Arabia
Kim;HEE;South Korea
Jacob;BORG;Malta
;;
Zhang;CHIMING;China
Zhou;JUNCHEN;China
Danijel;NIZIC;Australia
Wen;ZHIXIANG;China
Lee;MIN;South Korea
Callum;MONTGOMERY;Canada
Oh;OH IN-PYO;South Korea
Yin;CONGYAO;China
Ergys;KAÇE;Albania
Lee;SUN;South Korea
Luo;LUO HAO;China
Du;CHANGJIE;China
Georges;GOPE-FENEPEJ;New Caledonia
;;
Abdulaziz;BISHI;Saudi Arabia
Wu;SHAOCONG;China
Arnór;TRAUSTASON;Iceland
Andri;BJARNASON;Iceland
Zhang;HUACHEN;China
Abdullah;MADU;Saudi Arabia
Ahmad;RUHAILI;Saudi Arabia
Shin;HOON;South Korea
Keaghan;JACOBS;South Africa
Abdulaziz;JEBREEN;Saudi Arabia
Jibril;BOJANG;Gambia
Brad;SMITH;Australia
Konstantin;ENGEL;Kazakhstan
Marvin;BAUDRY;Republic Of The Congo
Carlos;ASCUES;Peru
Gu;GU CHAO;China
Jonathan;TAMIMI;Jordan
Sami;ALLAGUI;Tunisia
Ju;DAE;South Korea
Sam;MORSY;Egypt
Ridge;MUNSY;Democratic Republic Of Congo
Liu;LIU YANG;China
Jaber;ASIRI;Saudi Arabia
Charles;ANDRIAMAHITSINORO;Madagascar
Ali;GHOLIZADEH;Iran
Waleed;BAKHASHWAIN;Saudi Arabia
Nouh;MOUSA;Saudi Arabia
Mark-Anthony;KAYE;Canada
Joseph;MORA;Costa Rica
Mady;CAMARA;Guinea
Yhoan;ANDZOUANA;Republic Of The Congo
He;HE GUAN;China
Jorge;CORRALES;Cuba
Christian;MAGHOMA;Democratic Republic Of Congo
Li;LI BENJIAN;China
Sergej;GRUBAC;Montenegro
Hamad;JUHAYYIM;Saudi Arabia
Panutche;CAMARÁ;Guinea Bissau
Cameron;MCGILP;Australia
Nicholas;D'AGOSTINO;Australia
Moon;IN;South Korea
;DJALMA;Angola
Nikolai;TOPOR-STANLEY;Australia
Muteb;MUTLAQ;Saudi Arabia
Nelson;BALONGO;Democratic Republic Of Congo
Ali;ADNAN;Iraq
Chen;CHEN ZHAO;China
Wang;YONGPO;China
Mohammed;FATIL;Saudi Arabia
Stole;DIMITRIEVSKI;Macedonia
Ha;SUNG;South Korea
;;
Elias;KACHUNGA;Democratic Republic Of Congo
Jiang;ZHIPENG;China
Jiang;JIANG ZHE;China
Liu;LIU JIAN;China
Oliver;STEFÁNSSON;Iceland
Lee;BIN;South Korea
Roberts;ULDRIKIS;Latvia
Hector;KYPRIANOU;Cyprus
Denis;GENREAU;Australia
Issiaga;SYLLA;Guinea
Sean;MELVIN;Canada
Mohammed;RAYMAN;Saudi Arabia
Ian;SMITH;Costa Rica
Mohammed;QARNI;Saudi Arabia
;;
Ibrahim;OTAIBI;Saudi Arabia
Abdullah;MAYOOF;Saudi Arabia
Lee;JAE;South Korea
Beryly;LUBALA;Democratic Republic Of Congo
Peng;PENG XINLI;China
Yu;YU YANG;China
Christopher;MISSILOU;Republic Of The Congo
Adam;MARUŠIÆ;Montenegro
;;
Harrison;DELBRIDGE;Australia
Ivan;VUJICA;Australia
Yroundu;MUSAVU-KING;Gabon
Bongani;ZUNGU;South Africa
Solomon;KVERKVELIA;Georgia
Wu;WU XINGHAN;China
Alvas;POWELL;Jamaica
Joel;GRANT;Jamaica
Yeerjieti;YEERZATI;China
;;
Mohamed;GOUAIDA;Tunisia
Kastriot;DERMAKU;Albania
Abdullah;BAHRI;Saudi Arabia
Alex;GOGIÆ;Cyprus
Yoon;WON;South Korea
Mawlanyaz;DILMURAT;China
Yusupha;NJIE;Gambia
Chen;BINBIN;China
Davit;SKHIRTLADZE;Georgia
Mansour;HAMZI;Saudi Arabia
;JOHANNESSON;Iceland
Dong;XUESHENG;China
Casimir;NINGA;Chad
Bruno;GASPAR;Angola
Zaid;BAWARDI;Saudi Arabia
Valon;BERISHA;Kosovo
Juan;VARGAS;Costa Rica
Cristian;BENAVENTE;Peru
Titas;KRAPIKAS;Lithuania
Jwa;HYEOP;South Korea
Marcel;TISSERAND;Democratic Republic Of Congo
Bertrand;TRAORÉ;Burkina Faso
Ayub;MASIKA;Kenya
Zhang;WENZHAO;China
Paseka;MAKO;South Africa
Allan;CRUZ;Costa Rica
Romario;WILLIAMS;Jamaica
Egli;KAJA;Albania
Ayman;KHULAIF;Saudi Arabia
Chen;CHEN HAO;China
Edgar;BABAYAN;Armenia
Juan;CÓRDOVA;Canada
Mansour;MUWALLAD;Saudi Arabia
Martin;BOYLE;Australia
Anibal;CHALÁ;Ecuador
Ellyes;SKHIRI;Tunisia
Guo;GUO WEI;China
Mohamed;SALAH;Egypt
Abdullah;FAHAD;Saudi Arabia
Yun;YUN JU TAE;South Korea
Maudo;JARJUÉ;Guinea Bissau
Choi;TAE;South Korea
Clinton;MATA;Angola
Sin;SIN SE GYE;South Korea
Oliver;SIGURJÓNSSON;Iceland
Mama;MAMA BALDÉ;Guinea Bissau
Dylan;RYAN;Australia
Andrew;NABBOUT;Australia
Wang;WEICHENG;China
Ashtone;MORGAN;Canada
Jeong;CHEOL;South Korea
Tang;TANG MIAO;China
Hwang;HO;South Korea
Sterling;YATÉKÉ;Central African Republic
Jang;HEE;South Korea
Yahya;KHORMI;Saudi Arabia
Terry;ANTONIS;Australia
Kazenga;LUALUA;Democratic Republic Of Congo
Jordan;SIERRA;Ecuador
Lee;MO;South Korea
Ma;JUNLIANG;China
Lachlan;WALES;Australia
Mohammed;SALEM;Saudi Arabia
Vladimir;RODIÆ;Montenegro
Arvydas;NOVIKOVAS;Lithuania
Ko;BEOM;South Korea
Song;WOO;South Korea
Ikromjon;ALIBAEV;Uzbekistan
Lyle;FOSTER;South Africa
Wang;YAOPENG;China
Sami;NAJAI;Saudi Arabia
Bengali-Fodé;KOITA;Guinea
Wan;HOULIANG;China
Tom;ROGIÆ;Australia
Mayron;GEORGE;Costa Rica
Abdulbasit;HINDI;Saudi Arabia
;;
Lee;WON;South Korea
Yu;YU HANCHAO;China
Piero;VIVANCO;Peru
;;
Ibou;TOURAY;Gambia
Marco;ILAIMAHARITRA;Madagascar
Justin;MERAM;Iraq
Yves-Simon;PAMBOU;Republic Of The Congo
Bae;JIN;South Korea
Ali;HAZAZI;Saudi Arabia
Aziz;BEHICH;Australia
Edgaras;DUBICKAS;Lithuania
Lucas;HUFNAGEL;Georgia
Sun;SUN KE;China
Reggie;LAMBE;Bermuda
Tebogo;TLOLANE;South Africa
Jung;SUNG;South Korea
Sun;SUN SHILIN;China
Alexander;MERKEL;Kazakhstan
;;
Abel;MABASO;South Africa
Pedro;OBIANG;Equatorial Guinea
Yang;YANG FAN;China
Celso;BORGES;Costa Rica
Adnan;FALATAH;Saudi Arabia
Cameron;BURGESS;Australia
Ahmed;HEGAZI;Egypt
Lachlan;BROOK;Australia
Zhao;HONGLUE;China
Florentin;POGBA;Guinea
Moses;OPONDO;Uganda
Radoslav;DIMITROV;Bulgaria
Wang;SHANGYUAN;China
Boniek;GARCÍA;Honduras
Elsamed;RAMAJ;Albania
Gao;GAO HUAZE;China
Scott;ARFIELD;Canada
Ahmed;FIQI;Saudi Arabia
Djihad;BIZIMANA;Rwanda
Abdulaziz;MAJRASHI;Saudi Arabia
Mohammed;NAJI;Saudi Arabia
Sultan;SAWADI;Saudi Arabia
Kolbeinn;SIG?ÓRSSON;Iceland
Rahmat;AKBARI;Australia
Levan;KHARABADZE;Georgia
Han;YOUNG;South Korea
;;
Egzon;BINAKU;Albania
Oh;OH JAE SUK;South Korea
Hallur;HANSSON;Faroe Islands
Alhassane;KEITA;Guinea
Felicio;FORBES;Costa Rica
Jordan;ELSEY;Australia
Tano;BONNIN;Dominican Republic
Yang;YANG LIYU;China
Fouad;BACHIROU;Comoros
Kai;TREWIN;Australia
Ji;JI EON HAK;South Korea
;;
Zach;DUNCAN;Australia
Erdon;DACI;Macedonia
Markus;PALIONIS;Lithuania
Enriko;PAPA;Albania
;;
Mao;MAO HAOYU;China
Saleh;WEHIMID;Saudi Arabia
Jón;?ORSTEINSSON;Iceland
Rabyi;SUFYANI;Saudi Arabia
Lee;SIK;South Korea
Jo;JOON;South Korea
Thembinkosi;LORCH;South Africa
Aymen;MATHLOUTHI;Tunisia
Hristo;STOICHKOV;Bulgaria
Zhao;YINGJIE;China
Yoo;YOO JI HA;South Korea
Berat;DJIMSITI;Albania
Chris;MAVINGA;Democratic Republic Of Congo
Na;EUN;South Korea
Lubambo;MUSONDA;Zambia
Trent;SAINSBURY;Australia
Dolly;MENGA;Angola
Hervé;KOFFI;Burkina Faso
Cao;YUNDING;China
Abdulmajeed;SULAYHIM;Saudi Arabia
Lawrence;OLUM;Kenya
Zakhele;LEPASA;South Africa
Kyoung;CHOI;South Korea
Tomislav;MRÈELA;Australia
Mohamed;CAMARA;Guinea
Hamed;GHAMDI;Saudi Arabia
Assaf;QARNI;Saudi Arabia
Zhu;XIAOGANG;China
Yousef;HARBI;Saudi Arabia
Joevin;JONES;Trinidad And Tobago
Yun;SUN;South Korea
Kgotso;MOLEKO;South Africa
Modou;JADAMA;Gambia
Song;HUN;South Korea
Cho;WOOK;South Korea
Junior;MORIAS;Jamaica
Kim;WOONG;South Korea
Clément;BAYIHA;Canada
Zhao;ZHAO KEDA;China
Park;HYEONG;South Korea
Lee;HEE;South Korea
Rostyn;GRIFFITHS;Australia
Nam;JAE;South Korea
Lebo;MOTHIBA;South Africa
Anthony;LESIOTIS;Australia
Ahn;NAM;South Korea
Ricardo;NUNES;South Africa
Wes;MORGAN;Jamaica
Carlo;ARMIENTO;Australia
Mathew;RYAN;Australia
Muzepper;MIRAHMETJAN;China
Darren;MATTOCKS;Jamaica
Laurent;JANS;Luxemburg
Victor;PÁLSSON;Iceland
Kévin;DENKEY;Togo
Vital;N'SIMBA;Democratic Republic Of Congo
Theo;BAIR;Canada
Gianluca;IANNUCCI;Australia
Nasser;OMRAN;Saudi Arabia
Jeon;CHUL;South Korea
Ayrton;PRECIADO;Ecuador
Tshegofatso;MABASA;South Africa
Odil;AKHMEDOV;Uzbekistan
Daniel;ARZANI;Australia
Stéphane;SESS?GNON;Benin
Lee;SU;South Korea
Taleb;TAWATHA;Israel
Sulayman;MARREH;Gambia
Luo;LUO JING;China
Ragnar;KLAVAN;Estonia
Ahmed;HASSAN;Egypt
Mustapha;BUNDU;Sierra Leone
Park;JIN;South Korea
Liam;FRASER;Canada
Hwang;CHAN;South Korea
Han;HAN FENG;China
Zhu;ZHU BAOJIE;China
Yohan;BENALOUANE;Tunisia
Ahkeem;ROSE;Jamaica
Lachlan;JACKSON;Australia
Lee;MYUNG;South Korea
Jóhann;GU?MUNDSSON;Iceland
Abdullah;YOUSIF;Saudi Arabia
Andreas;VAIKLA;Estonia
Cong;CONG ZHEN;China
Lee;PYO;South Korea
Saud;ABDULHAMID;Saudi Arabia
Danijel;PETKOVIÆ;Montenegro
Joonas;TAMM;Estonia
Bismar;ACOSTA;Costa Rica
Hekuran;KRYEZIU;Kosovo
Benjamin;KOLOLLI;Kosovo
Jobi;MCANUFF;Jamaica
Pierre-Emerick;AUBAMEYANG;Gabon
Yang;YANG SHUAI;China
Yeun;GYU;South Korea
Liu;LIU RUOFAN;China
Bakery;JATTA;Gambia
Gelson;DALA;Angola
Zheng;ZHENG ZHI;China
Kang;SOO;South Korea
Curtis;GOOD;Australia
David;KIKI;Benin
Karim;HAFEZ;Egypt
Ntsikelelo;NYAUZA;South Africa
Kim;HEE;South Korea
Alexander;SUCCentral African Republic;Peru
Munas;DABBUR;Israel
Hugo;KONONGO;Republic Of The Congo
Du;DU WENYANG;China
Sun;SUN BO;China
Alberth;ELIS;Honduras
Han;PENGFEI;China
Ousmane;CAMARA;Guinea
Lukas;SPALVIS;Lithuania
Muteb;MUFARRIJ;Saudi Arabia
Albert;BUNJAKU;Kosovo
Ben;GARUCCIO;Australia
Nizamdin;EPENDI;China
Kim;PIL;South Korea
Radhi;RADHI;Saudi Arabia
Ali;BULAYHI;Saudi Arabia
Jung;JIN;South Korea
Min;GI;South Korea
Li;LI YUNQIU;China
Zhong;JINBAO;China
Salman;FARAJ;Saudi Arabia
Brett;LEVIS;Canada
Bongani;SAM;South Africa
Brayan;ROJAS;Costa Rica
Pavels;ŠTEINBORS;Latvia
Mustafa;AMINI;Australia
Kim;JUNG;South Korea
Robbie;KRUSE;Australia
Kim;GWON;South Korea
Cédric;YAMBÉRÉ;Central African Republic
Jonathan;OSORIO;Canada
Josh;PARKER;Antigua And Barbuda
Jaman;DOSSARY;Saudi Arabia
José;CEVALLOS;Ecuador
Lee;WON;South Korea
Sultan;FARHAN;Saudi Arabia
Jackson;LEE;Australia
Konstantinos;LAIFIS;Cyprus
Wang;WANG SONG;China
Sam;ADEKUGBE;Canada
Shi;SHI KE;China
;KAHRABA;Egypt
Ahmad;NAJAI;Saudi Arabia
Zhang;CHENGLIN;China
Ji;XIAOXUAN;China
Bassem;SRARFI;Tunisia
Garath;MCCLEARY;Jamaica
Ali;NEMER;Saudi Arabia
Wang;XUANHONG;China
Mei;MEI FANG;China
Hu;JINGHANG;China
Ruon;TONGYIK;Australia
Giedrius;ARLAUSKIS;Lithuania
;;
Jón;BÖ?VARSSON;Iceland
Lei;YONGCHI;China
Jayson;LEUTWILER;Canada
Ebou;ADAMS;Gambia
Aaron;APPINDANGOYE;Gabon
Brandon;O'NEILL;Australia
Kim;HYEON;South Korea
Monther;NAKHLI;Saudi Arabia
Shin;MOO;South Korea
Luo;LUO XIN;China
Saad;SELOULI;Saudi Arabia
John-Patrick;STRAUß;Philippines
Park;PO;South Korea
Birkan;KIRDAR;Australia
Fortune;MAKARINGE;South Africa
Li;LI HANG;China
Lu;LU WENJUN;China
Faisal;DARWISH;Saudi Arabia
Brandon;BORRELLO;Australia
Jordan;LYDEN;Australia
Jang;SOO;South Korea
Ahmed;SHAMRANI;Saudi Arabia
Taulant;XHAKA;Albania
Ibrahim;GHALEB;Saudi Arabia
Lee;SOO;South Korea
Marcelo;DJALÓ;Guinea Bissau
Samuel;SCHEIMANN;Israel
Isaac;RICHARDS;Australia
Daniel;Central African RepublicDOSO;South Africa
Milot;RASHICA;Kosovo
Eran;ZAHAVI;Israel
Jacob;MELLING;Australia
Kim;KIM WON IL;South Korea
Sadegh;MOHARRAMI;Iran
Arnold;ISSOKO;Democratic Republic Of Congo
Andy;ROSE;Australia
Kim;HONG;South Korea
Anderson;EMANUEL;Angola
Kodjo;LABA;Togo
Florent;HADERGJONAJ;Kosovo
Mite;CIKARSKI;Macedonia
Qiao;QIAO WEI;China
Musa;NYATAMA;South Africa
Abdulwahab;JAFAR;Saudi Arabia
Mirnes;PEPIÆ;Montenegro
Vullnet;BASHA;Albania
Mohamed;DARAMY;Sierra Leone
Lucas;CAVALLINI;Canada
Davit;KHOCHOLAVA;Georgia
Karolis;CHVEDUKAS;Lithuania
Lü;LÜ PENG;China
Zheng;ZHENG;China
Lee;MIN;South Korea
Mustafa;MALAEKA;Saudi Arabia
Mohammed;BAQAWI;Saudi Arabia
Offrande;ZANZALA;Republic Of The Congo
Nawaf;FARSHAN;Saudi Arabia
Yaser;KASIM;Iraq
Dawood;SAEED;Saudi Arabia
Hussain;SHAIAN;Saudi Arabia
Li;LI TIXIANG;China
;;
Jeong;WOOK;South Korea
Jeon;GWANG;South Korea
Pa;KONATE;Guinea
Waylon;FRANCIS;Costa Rica
Mohammed;SUFYANI;Saudi Arabia
Jo;JAE;South Korea
Apostolos;STAMATELOPOULOS;Australia
Yoo;MIN;South Korea
Ayman;MOHAMED;Tunisia
Dante;LEVEROCK;Bermuda
Casimir;NINGA;Chad
Kim;WOO;South Korea
Kim;DUK;South Korea
Gao;GAO ZHUNYI;China
;;
Chen;ZHIZHAO;China
Lin;CHUANGYI;China
Hatem;ELHAMED;Israel
Jo;CHUL;South Korea
Juvhel;TSOUMOU;Republic Of The Congo
Jeong;JAE;South Korea
Benik;AFOBE;Democratic Republic Of Congo
Qian;YUMIAO;China
Albert;GU?MUNDSSON;Iceland
Ryan;EDWARDS;Australia
Silas;WAMANGITUKA;Democratic Republic Of Congo
Jin;PENGXIANG;China
Lee;KYU;South Korea
James;JEGGO;Australia
Nahki;WELLS;Bermuda
Prince;SEGBEFIA;Togo
Stiven;PLAZA;Ecuador
Bruno;MANGA;Gabon
Abdulelah;MALKI;Saudi Arabia
Zhang;CHENG;China
Kim;SUN;South Korea
Ryan;STRAIN;Australia
Happy;JELE;South Africa
Abdullah;KHAIBARI;Saudi Arabia
Ko;MIN;South Korea
Ji;WON;South Korea
Brendan;HAMILL;Australia
Park;HONG;South Korea
Jaushua;SOTIRIO;Australia
Merveille;BOKADI;Democratic Republic Of Congo
Michael;SALAZAR;Belize
Sami;KASSAR;Saudi Arabia
Hassane;BANDÉ;Burkina Faso
;MEXER;Mozambique
Zhang;YUNING;China
Daniel;JOHNSON;Jamaica
Ki;YUENG;South Korea
Josepmir;BALLÓN;Peru
Murad;RASHDI;Saudi Arabia
Tian;TIAN XIN;China
Khaled;SAMIRI;Saudi Arabia
Issam;JEBALI;Tunisia
Yordy;REYNA;Peru
Lebogang;MANYAMA;South Africa
Chang;FEIYA;China
Liam;REDDY;Australia
;TREZEGUET;Egypt
Zhang;ZHANG LU;China
Khaled;BARAKAH;Saudi Arabia
Nick;FITZGERALD;Australia
Abdullah;HASSOUN;Saudi Arabia
Yang;SHANPING;China
Mërgim;MAVRAJ;Albania
Arijanet;MURIC;Kosovo
Aiden;O'NEILL;Australia
Gu;YUN;South Korea
Sverrir;INGASON;Iceland
Kim;KIM JIN YA;South Korea
Wilson;KAMAVUAKA;Democratic Republic Of Congo
Samúel;FRI?JÓNSSON;Iceland
Augustine;MULENGA;Zambia
Mark;MILLIGAN;Australia
Herbert;BOCKHORN;Uganda
Chen;CHEN KERUI;China
Lass;BANGOURA;Guinea
Hjörtur;HERMANNSSON;Iceland
Simon;AMIN;Syria
Walter;SCOTT;Australia
Meinhard;OLSEN;Faroe Islands
Zhang;ZHANG CHI;China
Hu;YANQIANG;China
Geraldo;BAJRAMI;Albania
Liu;LIU BIN;China
Basim;BAQI;Saudi Arabia
Macauley;BONNE;Zimbabwe
Ali;LAJAMI;Saudi Arabia
;PELÉ;Guinea Bissau
Xiao;XIAO ZHI;China
Mohamed;TURAY;Sierra Leone
Sheldon;BATEAU;Trinidad And Tobago
Kamal;MILLER;Canada
Lior;REFAELOV;Israel
Ilia;GRUEV;Bulgaria
Lala?na;NOMENJANAHARY;Madagascar
Lei;LEI WENJIE;China
Pieros;SOTIRIOU;Cyprus
Woo;SUNG;South Korea
Hassan;RAHEB;Saudi Arabia
Clarke;ODUOR;Kenya
Daniel;BOWRY;Antigua And Barbuda
Saeed;MUWALLAD;Saudi Arabia
Ahmed;ZAIN;Saudi Arabia
Will;JOHNSON;Canada
Shin;WON;South Korea
Luther;JAMES-WILDIN;Antigua And Barbuda
Kaveh;REZAEI;Iran
Issouf;PARO;Burkina Faso
Osvaldo;ALONSO;Cuba
;;
Dejan;DAMJANOVIÆ;Montenegro
Kamer;QAKA;Albania
Iván;SANTILLÁN;Peru
Hussain;JASIM;Saudi Arabia
;JAQUITÉ;Guinea Bissau
Park;WOO;South Korea
Sadio;DIALLO;Guinea
Ba?ssama;SANKOH;Guinea
Boubacar;FOFANA;Guinea
Wesam;SUWAYYID;Saudi Arabia
Jonathan;ASPROPOTAMITIS;Australia
Park;HYUN;South Korea
Armando;SADIKU;Albania
;NADJACK;Guinea Bissau
Oussama;HADDADI;Tunisia
Li;LI PENG;China
Adam;PEARCE;Australia
Jang;HO;South Korea
Kgosi;NTLHE;South Africa
Cedric;AMISSI;Burundi
Wang;WANG TONG;China
;;
You;YOU JU AN;South Korea
Gilli;S?RENSEN;Faroe Islands
Loret;SADIKU;Kosovo
Marko;BAKIÆ;Montenegro
Cristian;PENILLA;Ecuador
Valentinos;SIELIS;Cyprus
Hwang;SOO;South Korea
Kenny;DOUGALL;Australia
Hassan;MUATH;Saudi Arabia
Thibang;PHETE;South Africa
Lee;HEE;South Korea
Sun;SUN GUOWEN;China
Frédéric;MENDY;Guinea Bissau
Eroll;ZEJNULLAHU;Kosovo
Caniggia;ELVA;Canada
Oliver;ŠARKIÆ;Montenegro
Bai;YUEFENG;China
Lee;SUNG;South Korea
Ziyad;SAHAFI;Saudi Arabia
Daniel;STYNES;Australia
Ledian;MEMUSHAJ;Albania
Bae;GI;South Korea
Stefan;VELEV;Bulgaria
Albion;VRENEZI;Kosovo
Jiang;MINWEN;China
Muhannad;SHUDUKHI;Saudi Arabia
Fozil;MUSAEV;Uzbekistan
Fabien;FARNOLLE;Benin
Hassan;GHAZWANI;Saudi Arabia
Anthony;LOZANO;Honduras
Alex;GERSBACH;Australia
Tang;TANG SHI;China
Renato;TAPIA;Peru
Awadh;FARAJ;Saudi Arabia
Peng;PENG RUI;China
Matt;SIMON;Australia
Naby;KE?TA;Guinea
;;
Sun;SUN KAI;China
Renato;IBARRA;Ecuador
Razak;BOUKARI;Togo
Faress;AIYAF;Saudi Arabia
Lee;LEE HO IN;South Korea
Sun;SUN WEIZHE;China
Park;JUN;South Korea
;;
Paik;HO;South Korea
Sultan;GHANNAM;Saudi Arabia
Lee;LEE MIN GI;South Korea
Gao;GAO LIN;China
Siphesihle;NDLOVU;South Africa
Hou;HOU SEN;China
Scott;NEVILLE;Australia
Ibrahim;DREŠEVIÆ;Kosovo
Fan;YUNLONG;China
Enner;VALENCIA;Ecuador
Zhang;ZHANG YAN;China
Cai;HUIKANG;China
Jeong;HO;South Korea
Omar;Central African RepublicABALÍ;Ecuador
Chi;ZHONGGUO;China
Kim;WOOK;South Korea
Shin;MIN;South Korea
Han;GYU;South Korea
Michaell;CHIRINOS;Honduras
Eros;GREZDA;Albania
Lee;SUNG;South Korea
Abdulrahman;GHAMDI;Saudi Arabia
Kim;HYUN;South Korea
Ismael;TAJOURI-SHRADI;Libya
Yun;YUN IL LOK;South Korea
Nicandro;BREEVELD;Suriname
;;
Abdelkader;OUESLATI;Tunisia
Mohammad;THANI;Saudi Arabia
No;GEON;South Korea
Lee;WOO;South Korea
Kleandro;LLESHI;Albania
Amin;ASKAR;Ethiopia
Sami;KHAIBARI;Saudi Arabia
Cheon;SEONG-HOON;South Korea
Lars;VELDWIJK;South Africa
Abdulrahman;OBUD;Saudi Arabia
Marwan;HAIDARI;Saudi Arabia
Liu;DIANZUO;China
Hussain;SHUWAYSH;Saudi Arabia
Giorgi;BERIDZE;Georgia
Seo;WON;South Korea
Omar;SOMA;Syria
Manjrekar;JAMES;Canada
Yu;YU HAI;China
Scott;JAMIESON;Australia
Prince;ONIANGUÉ;Republic Of The Congo
Nzuzi;TOKO;Democratic Republic Of Congo
Kye;ROWLES;Australia
;;
Tan;WANGSONG;China
Kim;KIM HYO GI;South Korea
Wahbi;KHAZRI;Tunisia
;;
Emir;AZEMOVIÆ;Montenegro
Sari;AMRO;Saudi Arabia
Jordan;ADÉOTI;Benin
Vukan;SAVIÆEVIÆ;Montenegro
Denis;BOUANGA;Gabon
Shkelqim;DEMHASAJ;Kosovo
;;
Neeskens;KEBANO;Democratic Republic Of Congo
Basil;BAHRANI;Saudi Arabia
Zheng;KAIMU;China
Stefan;SAVIÆ;Montenegro
Dong;YANFENG;China
Arthur;MASUAKU;Democratic Republic Of Congo
Hwang;JO;South Korea
Saleh;CHIHADEH;Palestine
Abdulfatah;ADAM;Saudi Arabia
Tajon;BUCHANAN;Canada
Cui;MING'AN;China
Khaled;ZEALAIY;Saudi Arabia
Carlos;EMBALÓ;Guinea Bissau
Zhang;WENTAO;China
Vincent;THILL;Luxemburg
Wang;WANG WEI;China
Chancel;MBEMBA;Democratic Republic Of Congo
Kim;SEOP;South Korea
Ko;KO TAE WON;South Korea
;GERSO;Guinea Bissau
Patson;DAKA;Zambia
Zhang;LINPENG;China
;MARIANO;Dominican Republic
Hör?ur;MAGNÚSSON;Iceland
Teng;SHANGKUN;China
Thitiphan;PUANGCHAN;Thailand
Mohamed;DRÄGER;Tunisia
Dejan;STOJANOVIÆ;Macedonia
;;
Jeon;HYEOK;South Korea
Park;JUN;South Korea
Patrick;LANGLOIS;Australia
Tesho;AKINDELE;Canada
Giancarlo;GONZÁLEZ;Costa Rica
Choi;CHAN;South Korea
José-Junior;MATUWILA;Angola
Zhang;YUFENG;China
Abdullah;KANNO;Saudi Arabia
Ahmed;KASSAR;Saudi Arabia
Luo;LUO SENWEN;China
Fernand;MAYEMBO;Republic Of The Congo
Ali;KHAIBARI;Saudi Arabia
Josh;RISDON;Australia
Vladimir;RODIÆ;Montenegro
Otar;KITEISHVILI;Georgia
Giorgi;CHAKVETADZE;Georgia
Ahmed;ABDU;Saudi Arabia
;;
Lorenzo;GORDINHO;South Africa
Lü;LÜ HAIDONG;China
Leon;BAILEY;Jamaica
Park;SU;South Korea
Cyrille;BAYALA;Burkina Faso
Amadou;BAKAYOKO;Sierra Leone
He;HE YUPENG;China
Deyver;VEGA;Costa Rica
Lee;IL;South Korea
Elba;RASHANI;Kosovo
Zhao;ZHAO YUHAO;China
Giorgi;KHARAISHVILI;Georgia
José;MACHÍN;Equatorial Guinea
Li;LI LEI;China
Jake;BRIMMER;Australia
Wang;WANG MIN;China
Adam;TAGGART;Australia
Dimitar;MITOV;Bulgaria
Oliver;BOZANIC;Australia
Zhang;JUNZHE;China
Elvis;KAMSOBA;Burundi
