Max;SVENSSON;Sweden
Kenny;DALGLISH;Scotland
Fred;ONYEDINMA;Nigeria
Julian;KRISTOFFERSEN;Norway
Hiroki;ILKURA;Japan
Hiroki;ABE;Japan
David;KASUMU;Nigeria
Jean-Pierre;NSAME;Cameroon
George;BELLO;United States Of America
Maya;YOSHIDA;Japan
Tomoya;UGAJIN;Japan
Ronan;CURTIS;Ireland
Benjamin;HADŽIÆ;Bosnia And Herzegovina
Julian;LUND;Norway
Mihai;DOBRESCU;Romania
Juha;PIRINEN;Finland
Martin;ŠKRTEL;Slovakia
;;
Dara;O'SHEA;Ireland
Pádraig;AMOND;Ireland
Josh;SARGENT;United States Of America
David;MCGOLDRICK;Ireland
Matt;DONE;Wales
Jonas;SVENSSON;Norway
Mauro;CABALLERO;Paraguay
Taishi;TAGUCHI;Japan
Ryutaro;IIO;Japan
Konstantinos;GALANOPOULOS;Greece
;GÉGÉ;Cape Verde
Kota;FUJIMOTO;Japan
Tadhg;RYAN;Ireland
Ko;MATSUBARA;Japan
A?ssa;MANDI;Algeria
Memo;RODRIGUEZ;United States Of America
Jason;KERR;Scotland
Zlatan;IBRAHIMOVIÆ;Sweden
Sho;SASAKI;Japan
Yasin;HAMED;Romania
Sibiry;KEITA;Mali
Ars?ne;ELOGO;Cameroon
Samuel;GOUET;Cameroon
Teruhito;NAKAGAWA;Japan
Hiroki;YAMADA;Japan
Willi;ORBAN;Hungary
Victor;AYALA;Paraguay
Martin;SAMUELSEN;Norway
Adam;O'REILLY;Ireland
Aleksandr;ZHIROV;Russia
Yasuki;KIMOTO;Japan
Brede;MOE;Norway
Henrik;LARSSON;Sweden
Yves;BISSOUMA;Mali
Florin;BEJAN;Romania
Marcelo;ESTIGARRIBIA;Paraguay
Jhon;MURILLO;Venezuela
Daniel;UDOH;Nigeria
Robin;OLSEN;Sweden
Ben;SWEAT;United States Of America
Ryan;HOLLINGSHEAD;United States Of America
Maxwell;WOLEDZI;Ghana
Sa?d;BENRAHMA;Algeria
Anton;TINNERHOLM;Sweden
Dominik;NAGY;Hungary
John;MAHON;Ireland
Tom;AMOS;Sweden
Konstantinos;DIMITRIOU;Greece
Shaquell;MOORE;United States Of America
Ryan;HEDGES;Wales
Abu;DANLADI;Ghana
Julian;RYERSON;Norway
Ognjen;VRANJEŠ;Bosnia And Herzegovina
Noah;NURMI;Finland
Abdoulay;DIABY;Mali
Daiya;MAEKAWA;Japan
Gordan;BUNOZA;Bosnia And Herzegovina
Johan;HOVE;Norway
Weston;MCKENNIE;United States Of America
Carlo;CASAP;Romania
Yohei;TAKAOKA;Japan
Alan;BROWNE;Ireland
Jacob;LARSSON;Sweden
Alejandro;BEDOYA;United States Of America
Ciaran;CLARK;Ireland
Amir;HADŽIAHMETOVIÆ;Bosnia And Herzegovina
;;
Dinu;MOLDOVAN;Romania
Eric;SMITH;Sweden
Nejc;SKUBIC;Slovenia
Milan;KOCIÆ;Slovenia
Josh;SHEEHAN;Wales
Kristoffer;L?KBERG;Norway
Adama;NIANE;Mali
Romain;GALL;United States Of America
Shumpei;FUKAHORI;Japan
Michal;SIP¼AK;Slovakia
Adrian;PEREIRA;Norway
Yevhen;MAKARENKO;Ukraine
Ruben;GABRIELSEN;Norway
Kieran;O'HARA;Ireland
Darragh;LENIHAN;Ireland
Cristian;SÃPUNARU;Romania
Kazuhiko;CHIBA;Japan
Mats;SOLHEIM;Norway
Tsubasa;ENDOH;Japan
Hugo;VERA;Paraguay
Adam;FRIZZELL;Scotland
Riyad;MAHREZ;Algeria
Anthony;MCDONALD;Scotland
Naoki;YAMADA;Japan
Brendan;MOORE;United States Of America
Francisco;PORTILLO;Paraguay
Semi;AJAYI;Nigeria
Kelechi;IHEANACHO;Nigeria
Yohei;NISHIBE;Japan
Niki;MÄENPÄÄ;Finland
Dennis;WIDGREN;Sweden
Stuart;ARMSTRONG;Scotland
Greg;SLOGGETT;Ireland
Odion;IGHALO;Nigeria
Takahiro;OGIHARA;Japan
Adi;NALIC;Sweden
Takuya;UCHIDA;Japan
Nicolae;CARNAT;Romania
Mikhail;LYSOV;Russia
Aleksander;MELGALVIS;Norway
James;MCCARTHY;Ireland
Markus;KAASA;Norway
Viktor;VASIN;Russia
Orrin;GAINES;United States Of America
Edward;MCGINTY;Ireland
Yuichi;MARUYAMA;Japan
Billy;SASS-DAVIES;Wales
Brent;KALLMAN;United States Of America
John;MOUNTNEY;Ireland
Haris;VUÈKIÆ;Slovenia
Marcus;PEDERSEN;Norway
Genki;HARAGUCHI;Japan
Mizuki;ANDO;Japan
Steffen;HAGEN;Norway
Liam;WALSH;Ireland
Marcus;FRASER;Scotland
Paul;DUMMETT;Wales
Oliver;ANTMAN;Finland
Riyad;MAHREZ;Algeria
Vebj?rn;HOFF;Norway
Frank;ACHEAMPONG;Ghana
?yvind;STORFLOR;Norway
Joseph-Claude;GYAU;United States Of America
Riad;BAJIÆ;Bosnia And Herzegovina
Aaron;HICKEY;Scotland
Vadim;DEMIDOV;Norway
Henrik;LARSSON;Sweden
Daiki;KANEKO;Japan
Ryu;TAKAO;Japan
Ilya;GAPONOV;Russia
Martin;DÚBRAVKA;Slovakia
Kristoffer;HARALDSEID;Norway
Nicky;DEVLIN;Scotland
Artem;KRAVETS;Ukraine
Ronan;MURRAY;Ireland
Mamadou;FOFANA;Mali
Ally;GILCHRIST;Scotland
Daniel;GRANLI;Norway
Emil;KRAFTH;Sweden
Benji;MICHEL;United States Of America
Colin;DOYLE;Ireland
Mite;CIKARSKI;Macedonia
Y?ya;?SAKO;Japan
Vassilios;LAMPROPOULOS;Greece
Sam;NICHOLSON;Scotland
Wille;JAKOBSSON;Sweden
Harry;MCKIRDY;Scotland
Shuhei;AKASAKI;Japan
Denis;POPOVIÈ;Slovenia
Miralem;PJANIÆ;Bosnia And Herzegovina
Ryan;FULTON;Scotland
Edgar;CASTILLO;United States Of America
Emmanuel;NTIM;Ghana
Wataru;ENDO;Japan
Yota;AKIMOTO;Japan
Kakeru;FUNAKI;Japan
Gilbert;KOOMSON;Ghana
;;
Kotaro;OMORI;Japan
Ryota;HAYASAKA;Japan
Takuma;NISHIMURA;Japan
Djordje;MIHAILOVIC;United States Of America
Arian;KABASHI;Sweden
Emmanuel;ESSIGBA;Ghana
Igor;PLASTUN;Ukraine
Elvis;SARIÆ;Bosnia And Herzegovina
Orest;LEBEDENKO;Ukraine
Junya;ITO;Japan
Steinar;STR?MNES;Norway
Abdul;NURUDEEN;Ghana
Grant;HANLEY;Scotland
Daniel;JAMES;Wales
Will;VAULKS;Wales
Konstantinos;MAVROPANOS;Greece
Junior;ALONSO;Paraguay
Taiwo;AWONIYI;Nigeria
?yvind;ALSETH;Norway
Florin;BOR?A;Romania
Sergiu;CIOCAN;Romania
Stelios;KOKOVAS;Greece
Grant;LILLARD;United States Of America
Torgeir;B?RVEN;Norway
Peter;OLAYINKA;Nigeria
Dennis;JOHNSEN;Norway
Sean;KAVANAGH;Ireland
Evan;OSAM;Ireland
Samir;MEMIŠEVIÆ;Bosnia And Herzegovina
Ciaran;GALLAGHER;Ireland
Yoshihiro;NAKANO;Japan
Danny;MULLEN;Scotland
Fredrik;BRUSTAD;Norway
Jari;LITMANEN;Finland
Christer;GUSTAFSSON;Sweden
Adam;JAKUBECH;Slovakia
Jacob;ADEBANJO;Nigeria
Ashley;BAKER;Wales
Gustav;BERGGREN;Sweden
Artem;REBROV;Russia
;NOUHOU;Cameroon
James;CHESTER;Wales
Robert;BERIÆ;Slovenia
Mikey;AMBROSE;United States Of America
Jeff;HENDRICK;Ireland
Fredrik;JENSEN;Finland
Ayase;UEDA;Japan
Jamie;MACDONALD;Scotland
Franco;SIGNORELLI;Venezuela
Shoma;DOI;Japan
Alexandru;BUZIUC;Romania
Sebastian;MLADEN;Romania
Mihai;LECA;Romania
Anthony;O'CONNOR;Ireland
Gilbert;FUENTES;United States Of America
Ishmael;BAIDOO;Ghana
Chris;MUELLER;United States Of America
Niko;HÄMÄLÄINEN;Finland
Hidetoshi;NAKATA;Japan
Guillermo;MOLINS;Sweden
Marius;CONSTANTIN;Romania
Daniel;TÃTAR;Romania
Lewis;THOMAS;Wales
Fredrik;GULBRANDSEN;Norway
Emil;HANSSON;Sweden
Tino-Sven;SUŠIÆ;Bosnia And Herzegovina
Chris;ODOI-ATSEM;United States Of America
Stephen;FOLAN;Ireland
Hiroya;MATSUMOTO;Japan
Andrei;MURE?AN;Romania
David;TEMPLETON;Scotland
Teruki;HARA;Japan
Ifeanyi;MATHEW;Nigeria
Elliot;KÄCK;Sweden
Yuzo;IWAKAMI;Japan
Callum;MCFADZEAN;Scotland
Robert;PERSSON;Sweden
Dylan;WATTS;Ireland
Radu;BOBOC;Romania
Kwasi;WRIEDT;Ghana
Zac;MACMATH;United States Of America
Mark;RUSSELL;Scotland
Cristi;BÃRBU?;Romania
Nabil;BENTALEB;Algeria
Miralem;PJANIÆ;Bosnia And Herzegovina
Craig;GORDON;Scotland
Branislav;NIÒAJ;Slovakia
Lewis;COLLINS;Wales
David;CAWLEY;Ireland
Tim;RÖNNING;Sweden
Andrei;BURCÃ;Romania
Edwin;GYASI;Ghana
Marlon;HAIRSTON;United States Of America
Yacouba;SYLLA;Mali
Chinedu;OBASI;Nigeria
Devlin;MACKAY;Scotland
Stanislav;LOBOTKA;Slovakia
Gareth;BALE;Wales
Louis;DUNNE;Ireland
Dino;ISLAMOVIC;Sweden
Robbie;BURTON;Wales
Boštjan;CESAR;Slovenia
Marios;VROUSAI;Greece
Takuto;HAYASHI;Japan
Ebenezer;OFORI;Ghana
Krisztián;ADORJÁN;Hungary
Aaron;BARRY;Ireland
Graham;ZUSI;United States Of America
Danny;KANE;Ireland
Nordin;GERZIÆ;Sweden
Kal;NAISMITH;Scotland
Dmitriy;ZHIVOGLYADOV;Russia
Jonathan;BORNSTEIN;United States Of America
Brian;MAHER;Ireland
Mark;TRAVERS;Ireland
Ross;MCCRORIE;Scotland
Denis;ALIBEC;Romania
;KAKU;Paraguay
Tord;SALTE;Norway
Shunto;KODAMA;Japan
Luke;WADE-SLATER;Ireland
Ben;WOODBURN;Wales
Alexey;MIRANCHUK;Russia
Konstantinos;MITROGLOU;Greece
Andrew;WOOTEN;United States Of America
Richie;TOWELL;Ireland
Fernando;ARISTEGUIETA;Venezuela
Ibrahima;TANDIA;Mali
Mads;CHRISTIANSEN;Norway
Ronan;HURLEY;Ireland
Michalis;MANIAS;Greece
Barry;MAGUIRE;Scotland
Nail;UMYAROV;Russia
Jonathan;LEVI;Sweden
Genta;MIURA;Japan
Kieran;SADLIER;Ireland
Jonah;OSABUTEY;Ghana
Lee;ERWIN;Scotland
Yasuhito;ENDO;Japan
Christoffer;NYMAN;Sweden
Anastasios;CHATZIGIOVANIS;Greece
Alexandru;MÃ?EL;Romania
Lewis;PRICE;Wales
Dimitrios;KOURMPELIS;Greece
Kazuki;FUKAI;Japan
Daiki;WATARI;Japan
Fredrik;KROGSTAD;Norway
Collin;MARTIN;United States Of America
Matt;RITCHIE;Scotland
Jose;HOLEBAS;Greece
Hamari;TRAORÉ;Mali
Matt;OLOSUNDE;United States Of America
Christian;CAPPIS;United States Of America
Kyle;SMITH;United States Of America
Taro;SUGIMOTO;Japan
Marius;MIHALACHE;Romania
Cãtãlin;CÃBUZ;Romania
Pyry;SOIRI;Finland
Vincent;ABOUBAKAR;Cameroon
Joe;RODON;Wales
Walter;GONZÁLEZ;Paraguay
Timmy;CHANDLER;United States Of America
Alec;BYRNE;Ireland
;;
Mark;MCGINLEY;Ireland
Ronan;HUGHES;Scotland
Koji;HACHISUKA;Japan
Christophe;BERRA;Scotland
Jake;LARSSON;Sweden
Yuto;SUZUKI;Japan
Ramón;AZEEZ;Nigeria
Rok;SIRK;Slovenia
Conor;MCGRANDLES;Scotland
Tim;MATAVŽ;Slovenia
Eoghan;O'CONNELL;Ireland
Sondre;S?RL?KK;Norway
Abdul-Aziz;TETTEH;Ghana
John;FLECK;Scotland
Jay-Jay;OKOCHA;Nigeria
Dan;CASEY;Ireland
Tamás;KÁDÁR;Hungary
Alin;TO?CA;Romania
Jordan;ALLEN;United States Of America
Jonathan;RING;Sweden
Ally;GILCHRIST;Scotland
Dylan;MCGEOUCH;Scotland
Kenan;FATKIÆ;Slovenia
Bryan;REYNOLDS;United States Of America
Adam;ANDERSSON;Sweden
Shunya;SUGANUMA;Japan
Ayaz;GULIEV;Russia
Alexandr;MAKSIMENKO;Russia
Johan;BLOMBERG;Sweden
Hampus;NILSSON;Sweden
Jonathan;WILLIAMS;Wales
Rolando;GUERRE?O;Paraguay
Corey;BAIRD;United States Of America
Momodou;TOURAY;Wales
Andy;DELORT;Algeria
Dara;KEANE;Ireland
Eric;ALEXANDER;United States Of America
Tom;BRADSHAW;Wales
Iyayi;ATIEMWEN;Nigeria
Nobuhisa;URATA;Japan
Aaron;BOLGER;Ireland
Gerardo;ORTIZ;Paraguay
Iain;WILSON;Scotland
Avdo;SPAHIC;Bosnia And Herzegovina
Marko;MIHOJEVIÆ;Bosnia And Herzegovina
Ole;SVEEN;Norway
Sean;GANNON;Ireland
Dean;CAMPBELL;Scotland
Steven;LAWLESS;Scotland
Reece;GREGO-COX;Ireland
Fuchi;HONDA;Japan
Steve;MORISON;Wales
Oli;SHAW;Scotland
Rory;GAFFNEY;Ireland
Raymond;GYASI;Ghana
Miles;ROBINSON;United States Of America
Marco;FARFAN;United States Of America
Almamy;TOURÉ;Mali
Brad;STUVER;United States Of America
Matt;HUNDLEY;United States Of America
Hayuma;TANAKA;Japan
Roque;CABALLERO;Paraguay
Georgie;KELLY;Ireland
Moussa;DJENEPO;Mali
Ažbe;JUG;Slovenia
Sofiane;FEGHOULI;Algeria
Keito;NAKAMURA;Japan
David;MCMILLAN;Ireland
Krisztián;NÉMETH;Hungary
Daiki;OGAWA;Japan
Stephen;MCLAUGHLIN;Ireland
Michal;PEŠKOVIÈ;Slovakia
Liam;PALMER;Scotland
Kwadwo;ASAMOAH;Ghana
Ryan;PORTEOUS;Scotland
Lucian;BUZAN;Romania
Jun;OKANO;Japan
Kyogo;FURUHASHI;Japan
Daniel;HERNÁNDEZ;Venezuela
Joshua;PÉREZ;United States Of America
Stephen;QUINN;Ireland
Zlatan;IBRAHIMOVIÆ;Sweden
Masaki;MIYASAKA;Japan
Ryohei;SHIRASAKI;Japan
Ibrahima;KONÉ;Mali
Vegard;STORSVE;Norway
Kyle;CALLAN-MCFADDEN;Ireland
Samu;LAITINEN;Finland
Ventura;ALVARADO;United States Of America
Jordan;RHODES;Scotland
Denis;DUMITRA?CU;Romania
Žan;MAJER;Slovenia
Christoffer;KÄLLQVIST;Sweden
Gary;DEEGAN;Ireland
JJ;WILLIAMS;United States Of America
Michaël;ESSIEN;Ghana
Samuel;KALU;Nigeria
Kristoffer;AJER;Norway
Yuji;TAKAHASHI;Japan
Yoshiaki;OTA;Japan
Greg;TAYLOR;Scotland
Noah;SUNDBERG;Sweden
Masato;MORISHIGE;Japan
Johan;HAMMAR;Sweden
Tatsuya;TANAKA;Japan
Vasilios;BARKAS;Greece
Lawrence;ZIGI;Ghana
Weston;MCKENNIE;United States Of America
Hiroyuki;TANIGUCHI;Japan
Serge;LEUKO;Cameroon
Sean;JOHNSON;United States Of America
Ovidiu;POPESCU;Romania
Ola;SOLBAKKEN;Norway
Amer;GOJAK;Bosnia And Herzegovina
Ken;KROLICKI;Japan
Glen;REA;Ireland
Andrei;RA?IU;Romania
Yuriy;YAKOVENKO;Ukraine
Marios;OGKMPOE;Greece
Kazuma;YAMAGUCHI;Japan
Yoshifumi;KASHIWA;Japan
Taichi;HARA;Japan
Alberto;COBREA;Romania
Lalas;ABUBAKAR;Ghana
Lucien;OWONA;Cameroon
Miki;YAMANE;Japan
Mitsunari;MUSAKA;Japan
Marius;MARTAC;Romania
Kengo;NAKAMURA;Japan
Liam;KELLY;Ireland
Kevin;O'CONNOR;Ireland
Alexander;S?DERLUND;Norway
Jon;KEMPIN;United States Of America
Vitaliy;BUYALSKYI;Ukraine
Manabu;SAITO;Japan
Richárd;MAGYAR;Sweden
Yuto;MISAO;Japan
Kenta;TANNO;Japan
George;RAY;Wales
Christos;GIOUSIS;Greece
Jacob;LACKÉLL;Sweden
Yoshiaki;FUJITA;Japan
Kostas;MANOLAS;Greece
Ibrahim;DIALLO;Mali
Markus;HOLGERSSON;Sweden
Donny;TOIA;United States Of America
Niall;CORBET;Ireland
Uche;AGBO;Nigeria
Aiden;O'BRIEN;Ireland
Alexandru;BUZBUCHI;Romania
York;RAFAEL;Sweden
Ao;TANAKA;Japan
Miha;ZAJC;Slovenia
Osayamen;OSAWE;Nigeria
Joakim;NILSSON;Sweden
Lassana;N'DIAYE;Mali
Miralem;PJANIÆ;Bosnia And Herzegovina
Ronan;FINN;Ireland
Patrik;HROŠOVSKÝ;Slovakia
Michael;KELLY;Scotland
Joel;COUSTRAIN;Ireland
Mark;TIMLIN;Ireland
Henrik;CASTEGREN;Sweden
Aurélien;CHEDJOU;Cameroon
Usman;SALE;Nigeria
Livai;MIHAI;Romania
Kristian;OPSETH;Norway
Matt;PHILLIPS;Scotland
Daniel;LOVITZ;United States Of America
Yordan;OSORIO;Venezuela
Tatsuki;NARA;Japan
Peter;WILSON;Sweden
Ross;MILLEN;Scotland
Ryan;GIGGS;Wales
Derrick;WILLIAMS;Ireland
Neil;FARRUGIA;Ireland
Ishak;BELFODIL;Algeria
Hiroki;ITO;Japan
Miguel;ALMIRÓN;Paraguay
Geir;HERREM;Norway
Ákos;KECSKÉS;Hungary
Yassine;BENZIA;Algeria
Even;?STENSEN;Norway
Bogdan;STANCU;Romania
Florin;ACHIM;Romania
Oskar;SVERRISSON;Sweden
Gustav;WIKHEIM;Norway
Nicholas;MARTHINUSSEN;Norway
Scott;FRASER;Scotland
Paul;ARRIOLA;United States Of America
Sauli;VÄISÄNEN;Finland
Haris;DULJEVIÆ;Bosnia And Herzegovina
Marijan;ÆAVAR;Bosnia And Herzegovina
Samuel;CHUKWUEZE;Nigeria
Charles;TRAORÉ;Mali
Josip;ILIÈIÆ;Slovenia
Tobias;ERIKSSON;Sweden
Atsuto;UCHIDA;Japan
Reuben;GABRIEL;Nigeria
Koya;KITAGAWA;Japan
Hidemasa;MORITA;Japan
Maksym;KOVAL;Ukraine
Robin;QUAISON;Sweden
Dávid;IVAN;Slovakia
Conor;HOURIHANE;Ireland
Kendall;MCINTOSH;United States Of America
Hilary;GONG;Nigeria
Costel;PANTILIMON;Romania
Rãzvan;POPA;Romania
Oliver;BERG;Norway
Gyasi;ZARDES;United States Of America
Andreas;HELMERSEN;Norway
Shane;O'NEILL;United States Of America
Jakub;HOLÚBEK;Slovakia
Takeshi;KANAMORI;Japan
Alex;DOBRE;Romania
Koki;ANZAI;Japan
Joni;KAUKO;Finland
Roy;KEANE;Ireland
Jovan;MARKOVIÆ;Romania
Robin;JANSSON;Sweden
Kazushi;MITSUHIRA;Japan
Yuya;FUKUDA;Japan
Frode;KIPPE;Norway
Gheorghe;HAGI;Romania
George;WILLIAMS;Wales
Paddy;MADDEN;Ireland
Ádám;SZALAI;Hungary
Isaac;COFIE;Ghana
Henri;PERNÍA;Venezuela
Dimitrios;KOLOVETSIOS;Greece
Markus;HALSTI;Finland
David;CORNELL;Wales
Henning;HAUGER;Norway
Fredrik;HAUGEN;Norway
Matthew;SMITH;Wales
Paul;ONUACHU;Nigeria
Daniel;SCHMIDT;Japan
Tommy;H?ILAND;Norway
Seth;SINOVIC;United States Of America
Ádám;NAGY;Hungary
Scott;ROBINSON;Scotland
Darren;COLE;Scotland
Gavin;REILLY;Scotland
Shumpei;NARUSE;Japan
Tim;BJÖRKSTRÖM;Sweden
Artem;SHABANOV;Ukraine
Shane;MCLOUGHLIN;Ireland
Kenyu;SUGIMOTO;Japan
Jack;HENDRY;Scotland
Kevin;DEVANEY;Ireland
Eriq;ZAVALETA;United States Of America
Daniel;STERES;United States Of America
Muamer;TANKOVIÆ;Sweden
JT;MARCINKOWSKI;United States Of America
Viktor;KOVALENKO;Ukraine
H?kon;EVJEN;Norway
Alex;PEARCE;Ireland
Andrei;URECHE;Romania
Erlend;REITAN;Norway
Joshua;KING;Norway
Veton;BERISHA;Norway
Alexander;KAÈANIKLIÆ;Sweden
Gheorghe;HAGI;Romania
Brendan;CLARKE;Ireland
Gary;MACKENZIE;Scotland
Andrei;BURLACU;Romania
Adam;ZRE¼ÁK;Slovakia
Paul;PA?URCÃ;Romania
Cristian;MÃGERU?AN;Romania
Kyle;MAGENNIS;Scotland
Andrew;TARBELL;United States Of America
Christopher;TELO;Sweden
Rhys;MCCABE;Scotland
Hector;JIMENEZ;United States Of America
Peder;VOGT;Norway
Jakob;JOHANSSON;Sweden
Ibuki;FUJITA;Japan
Moussa;DOUMBIA;Mali
Oscar;PETTERSSON;Sweden
Enrique;ZAUNER;Venezuela
Johan;WILAND;Sweden
¼ubomír;GULDAN;Slovakia
Mohamed;NAAMANI;Algeria
Honoya;SHOJI;Japan
Shane;GRIFFIN;Ireland
Siad;HAJI;United States Of America
Darwin;MACHÍS;Venezuela
Nicolae;STANCIU;Romania
Cornel;RÂPÃ;Romania
Mizuki;HAYASHI;Japan
Iven;AUSTB?;Norway
Ronald;VARGAS;Venezuela
Yoshinori;MUT?;Japan
Andriy;YARMOLENKO;Ukraine
James;COLLINS;Ireland
Yushi;HASEGAWA;Japan
Mark;O'SULLIVAN;Ireland
Emil;FORSBERG;Sweden
Cristian;NEGU?;Romania
Ryan;HARDIE;Scotland
Jordan;MORRIS;United States Of America
Takahiro;KUNIMOTO;Japan
Ruben;KRISTIANSEN;Norway
Keiren;WESTWOOD;Ireland
Tamás;SZÁNTÓ;Hungary
Naomichi;UEDA;Japan
Chidi;OMEJE;Nigeria
Cris;MARTINEZ;Paraguay
Jakub;HROMADA;Slovakia
Alexandru;RÃU?Ã;Romania
Matty;KENNEDY;Scotland
Adl?ne;GUÉDIOURA;Algeria
Lars;S?TRA;Norway
Paul-Georges;NTEP;Cameroon
Anthony;UJAH;Nigeria
Jari;LITMANEN;Finland
Mattias;ANDERSSON;Sweden
Derek;PENDER;Ireland
Tyler;DERIC;United States Of America
Simen;MIKALSEN;Norway
Tom;FIELD;Ireland
Blas;RIVEROS;Paraguay
Aljaž;CASAR;Slovenia
Justin;PORTILLO;United States Of America
David;MYRESTAM;Sweden
Brian;WHITE;United States Of America
Leon;BELL;Cameroon
Conor;O'MALLEY;Ireland
Tatsuya;YAMAGUCHI;Japan
Yuki;ABE;Japan
Johan;BJ?RDAL;Norway
Isac;HÄGGMAN;Sweden
Julian;ARAUJO;United States Of America
Sondre;JOHANSEN;Norway
Ali;YOUSSEF;Sweden
Tore;REGINIUSSEN;Norway
Akira;ANDO;Japan
Emil;HOLM;Sweden
Luka;KUKIÆ;Bosnia And Herzegovina
Gabriel;GUDMUNDSSON;Sweden
Maxime;KOUOGUN;Cameroon
Harry;MCEVOY;Ireland
Milan;DIMUN;Slovakia
Morten;THORSBY;Norway
Mathias;RASMUSSEN;Norway
Toshiki;ONOZAWA;Japan
Clinton;ANTWI;Ghana
Craig;MORGAN;Wales
Martin;?DEGAARD;Norway
Keegan;ROSENBERRY;United States Of America
Alex;BONO;United States Of America
Eunan;O'KANE;Ireland
Jay;FULTON;Scotland
Hope;AKPAN;Nigeria
Jay-Jay;OKOCHA;Nigeria
Yoichiro;KAKITANI;Japan
Tsukasa;UMESAKI;Japan
Diego;BARRETO;Paraguay
Evangelos;PAVLIDIS;Greece
Ethan;HAMILTON;Scotland
Santeri;VÄÄNÄNEN;Finland
Wataru;TANAKA;Japan
Sergi?o;DEST;United States Of America
Jacob;RINNE;Sweden
Alex;SAMUEL;Wales
Gabriel;TAMA?;Romania
Sam;VOKES;Wales
Sam;WARDE;Ireland
Jake;DOYLE-HAYES;Ireland
Hayao;KAWABE;Japan
Takumi;MINAMINO;Japan
Conor;CLIFFORD;Ireland
Ronald;HERNÁNDEZ;Venezuela
Gabriel;IANCU;Romania
Takefusa;KUBO;Japan
Shinnosuke;HATANAKA;Japan
Danny;WARD;Wales
Brayan;PALMEZANO;Venezuela
Adnan;KOJIÆ;Sweden
Koki;MACHIDA;Japan
Takehiro;TOMIYASU;Japan
H?vard;NORDTVEIT;Norway
Anton;MIRANCHUK;Russia
David;BINGHAM;United States Of America
Daisuke;SUZUKI;Japan
Mircea;LEASÃ;Romania
Danijel;MILIÆEVIÆ;Bosnia And Herzegovina
Shinji;OKAZAKI;Japan
Gideon;MENSAH;Ghana
Thomas;OLSEN;Norway
Marcos;MIERS;Paraguay
James;MCKEOWN;Ireland
Stuart;FINDLAY;Scotland
Kasim;NUHU;Ghana
Tim;MELIA;United States Of America
Mohammed;ABU;Ghana
Karl;TOKO-EKAMBI;Cameroon
Nikolay;RASSKAZOV;Russia
Bright;GYAMFI;Ghana
Scott;MCMANN;Scotland
Robert;GOJANI;Sweden
Ethan;BOYLE;Ireland
Yuzo;KOBAYASHI;Japan
Miroslav;STEVANOVIÆ;Bosnia And Herzegovina
Faith;OBILOR;Nigeria
Samuel;TETTEH;Ghana
Alexandru;BENGA;Romania
Callum;MCGREGOR;Scotland
James;FORREST;Scotland
Mihai;CÃPÃ?ÎNÃ;Romania
Antonio;BUSTAMANTE;United States Of America
Marcus;DANIELSON;Sweden
Adrian;BÃLAN;Romania
Kevin;PARTIDA;United States Of America
;;
Rene;KRHIN;Slovenia
Patrick;MULLINS;United States Of America
Antonee;ROBINSON;United States Of America
Igor;AKINFEEV;Russia
Barry;MCNAMEE;Ireland
Cristian;JR;Venezuela
CJ;SAPONG;United States Of America
Hiroshi;KIYOTAKE;Japan
Georgiy;SCHENNIKOV;Russia
Samuel;HOLMÉN;Sweden
Scott;ALLARDICE;Scotland
Jimmy;HAGUE;United States Of America
Stian;AASMUNDSEN;Norway
Hotaru;YAMAGUCHI;Japan
Jesper;KARLSTRÖM;Sweden
Jesper;BJÖRKMAN;Sweden
Anatoliy;TRUBIN;Ukraine
Julian;GREEN;United States Of America
Perparim;HETEMAJ;Finland
Teemu;PUKKI;Finland
Fantamady;DIARRA;Mali
Gustav;VALSVIK;Norway
Ritsu;DOAN;Japan
José;BANDEZ;Venezuela
Leo;ŠTULAC;Slovenia
Louis;GRAY;Wales
Lorenzo;MELGAREJO;Paraguay
Kristoffer;PETERSON;Sweden
Babajide;AKINTOLA;Nigeria
Aaron;AMADI-HOLLOWAY;Wales
Raul;OPRU?;Romania
Jesús;MEDINA;Paraguay
Mark;MCKENZIE;United States Of America
Murray;DAVIDSON;Scotland
Callum;REILLY;Ireland
Bendik;BYE;Norway
Matt;BESLER;United States Of America
Marko;MAROŠI;Slovakia
Tsukasa;MORISHIMA;Japan
Ben;MINES;United States Of America
Yu;KOBAYASHI;Japan
Alexandru;MITRI?Ã;Romania
Joe;CORONA;United States Of America
Scott;MCTOMINAY;Scotland
Junya;TANAKA;Japan
Artem;BESEDIN;Ukraine
Jack;RUDDY;Scotland
Kyle;GOURLAY;Scotland
Juraj;KUCKA;Slovakia
Jakob;NERWINSKI;United States Of America
;DJANINY;Cape Verde
Marky;DELGADO;United States Of America
Junior;PIUS;Nigeria
Ryota;OSHIMA;Japan
Mats;HAAKENSTAD;Norway
Emir;KUJOVIÆ;Sweden
Alex;MUYL;United States Of America
Kota;MIZUNUMA;Japan
Hal;ROBSON-KANU;Wales
James;CLARKE;Ireland
Dane;MASSEY;Ireland
Rasmus;LINDGREN;Sweden
Jens-lys;CAJUSTE;Sweden
Tobias;ENGLUND;Sweden
Reo;TAKAE;Japan
Brandt;BRONICO;United States Of America
Richard;KEOGH;Ireland
Bogdan;BUTKO;Ukraine
Evans;MENSAH;Ghana
Chris;MAXWELL;Wales
Jakob;?RSAHL;Norway
Yosuke;KASHIWAGI;Japan
Auston;TRUSTY;United States Of America
Hiroto;NAKAGAWA;Japan
Ryo;SHINZATO;Japan
Callum;O'DOWDA;Ireland
Toichi;SUZUKI;Japan
Oleksandr;KARAVAEV;Ukraine
Gustavo;MENCIA;Paraguay
James;WAITE;Wales
Thomas;GR?GAARD;Norway
Ross;LAIDLAW;Scotland
Albin;GRANLUND;Finland
Naoki;ISHIKAWA;Japan
Macauley;SOUTHAM;Wales
Kengo;TANAKA;Japan
Daniel;TOBIN;Ireland
John;CHIBUIKE;Nigeria
Steliano;FILIP;Romania
Ched;EVANS;Wales
Michael;OBAFEMI;Ireland
Jan;REPAS;Slovenia
Jamie;BRANDON;Scotland
Jonathan;SUÁREZ;United States Of America
Corey;O'KEEFFE;Ireland
Paul;DOYLE;Ireland
Harry;WILSON;Wales
Joachim;OLUFSEN;Norway
;;
Gary;DICKER;Ireland
Neil;TAYLOR;Wales
Kenta;NISHIZAWA;Japan
Felix;HÖRBERG;Sweden
Erik;PAÈINDA;Slovakia
Patrick;ASMAH;Ghana
Igor;DIVEEV;Russia
Andrei;ARTEAN;Romania
;ZECA;Greece
Jason;MCCLELLAND;Ireland
Djegui;KOITA;Mali
John;EGAN;Ireland
Jon;GALLAGHER;Ireland
Ivar;FURU;Norway
Zinedine;FERHAT;Algeria
Emyr;HUWS;Wales
Morgan;FOX;Wales
Marco;DULCA;Romania
Faouzi;GHOULAM;Algeria
Ilias;CHATZITHEODORIDIS;Greece
Ramon;LUNDQVIST;Sweden
Regan;DONELON;Ireland
Ola;AINA;Nigeria
André;DANIELSEN;Norway
Jens;HAUGE;Norway
Shinya;YAJIMA;Japan
Robin;SÖDER;Sweden
Gen;SHOJI;Japan
Barry;MURPHY;Ireland
Patrick;KPOZO;Ghana
Aaron;COLLINS;Wales
Filip;KISS;Slovakia
Callum;COCKERILL-MOLLETT;Ireland
Jake;CARROLL;Ireland
Robert;SANDBERG;Sweden
Liam;KELLY;Scotland
Tomas;STABELL;Norway
Keith;WARD;Ireland
Weston;MCKENNIE;United States Of America
Daniel;MEREDITH;Scotland
Erik;JANŽA;Slovenia
Moustapha;ZEGHBA;Algeria
Joshua;KITOLANO;Norway
Brek;SHEA;United States Of America
Joel;MATIP;Cameroon
Carl;BJÖRK;Sweden
Lucian;FILIP;Romania
Mounir;HAMOUD;Norway
Ionu?;?ERBAN;Romania
Espen;RUUD;Norway
Urho;NISSILÄ;Finland
Alan;DZAGOEV;Russia
Elohor;EKPOLO;Nigeria
Michael;JOHNSTON;Scotland
Youba;DIARRA;Mali
Ian;RUSH;Wales
Erdal;RAKIP;Sweden
Fredrik;AURSNES;Norway
Gabriel;MATEI;Romania
Jackson;LONGRIDGE;Scotland
Josh;BARRETT;Ireland
Tom;ALDRED;Scotland
Jim;MCNULTY;Scotland
Florin;GARDO?;Romania
Simon;POWER;Ireland
Moussa;MAREGA;Mali
Sean;KELLY;Scotland
Craig;MACKAIL-SMITH;Scotland
Gheorghe;HAGI;Romania
Sixten;MOHLIN;Sweden
Richard;TAIT;Scotland
Izet;HAJROVIÆ;Bosnia And Herzegovina
Alex;DEJOHN;United States Of America
Paul;HANLON;Scotland
Yojiro;TAKAHAGI;Japan
Erik;BRENDEN;Norway
Kevin;DAWSON;Ireland
Steve;BIRNBAUM;United States Of America
Haruki;FUKUSHIMA;Japan
Christopher;LINDQUIST;Norway
Júnior;MORENO;Venezuela
Ryan;MEARA;Ireland
Steven;BOYD;Scotland
Stephan;DRÃGHICI;Romania
Chris;MAGUIRE;Scotland
Gaëtan;BONG;Cameroon
John;SOUTTAR;Scotland
Gareth;HARKIN;Ireland
Azer;BUŠULADŽIÆ;Bosnia And Herzegovina
Nicolas;RAJSEL;Slovenia
Hiromu;MITSUMARU;Japan
Walker;ZIMMERMAN;United States Of America
Kenny;BROWNE;Ireland
Jordan;LARSSON;Sweden
Nikita;HAIKIN;Russia
Yan;ETEKI;Cameroon
Smail;PREVLJAK;Bosnia And Herzegovina
Didier;ZÉ;Cameroon
Jostein;GUNDERSEN;Norway
Alan;SHEEHAN;Ireland
Oleksandr;ZINCHENKO;Ukraine
Kevin;TONER;Ireland
Jayson;MOLUMBY;Ireland
Gustav;ENGVALL;Sweden
Valentin;MIHÃILÃ;Romania
Karl;SÖDERSTRÖM;Sweden
Jeremiah;GUTJAHR;United States Of America
Norbert;GYÖMBÉR;Slovakia
Jack;BYRNE;Ireland
Eljif;ELMAS;Macedonia
Emil;BOHINEN;Norway
Eiji;KAWASHIMA;Japan
Patrick;BERG;Norway
Keiya;NAKAMI;Japan
Deni;MILOŠEVIÆ;Bosnia And Herzegovina
Harry;SOUTTAR;Scotland
Daiki;HASHIOKA;Japan
Carlos;GONZÁLEZ;Paraguay
Joshua;COLLINS;Ireland
Magnus;KNUDSEN;Norway
Georgiy;BUSHCHAN;Ukraine
Chris;KANE;Scotland
Kosuke;OTA;Japan
Eddie;NOLAN;Ireland
Jonny;HAYES;Ireland
Ryan;GRAYDON;Ireland
Evan;FARRELL;Ireland
Joona;TOIVIO;Finland
Kortne;FORD;United States Of America
Magnus;ANDERSEN;Norway
Rikiya;UEHARA;Japan
Shunsuke;ANDO;Japan
Yehor;NAZARYNA;Ukraine
Jonatan;NATION;Norway
Ciprian;TÃTÃRU?ANU;Romania
Kunde;MALONG;Cameroon
Dušan;KUCIAK;Slovakia
Aiham;OUSOU;Sweden
Yevhen;KONOPLYANKA;Ukraine
Philip;SL?RDAHL;Norway
Lukáš;ŠTETINA;Slovakia
Zymer;BYTYQI;Norway
Lagos;KUNGA;United States Of America
Hans;SARPEI;Ghana
Matúš;BERO;Slovakia
Tom;PETTERSSON;Sweden
Alexi;PITU;Romania
Chris;MEPHAM;Wales
Darko;TODOROVIÆ;Bosnia And Herzegovina
Tom;LOCKYER;Wales
Ioan;HORA;Romania
Nicholas;MICKELSON;Norway
Haji;WRIGHT;United States Of America
Takayoshi;ISHIHARA;Japan
Liam;KINSELLA;Ireland
;;
Mihai;NEICU?ESCU;Romania
Michael;NELSON;United States Of America
Zak;JULES;Scotland
Héctor;VILLALBA;Paraguay
Kalle;JOELSSON;Sweden
Ioannis;GELIOS;Greece
J?rgen;SKJELVIK;Norway
Birama;TOURÉ;Mali
Jari;LITMANEN;Finland
Miæo;KUZMANOVIÆ;Bosnia And Herzegovina
Akihiro;IENAGA;Japan
Alexander;BLOMQVIST;Sweden
Jevan;ANDERSON;Scotland
Runar;HOVE;Norway
Niklas;MOISANDER;Finland
Connor;LADE;United States Of America
Patrik;LAGEMYR;Sweden
Juan;ESCOBAR;Paraguay
George;JOHNSTON;Scotland
Jo;BERGET;Norway
Youssouf;KONÉ;Mali
Ryohei;MICHIBUCHI;Japan
Ren;FUJIMURA;Japan
Takuma;MIZUTANI;Japan
Glen;MCAULEY;Ireland
Alfonso;OCAMPO-CHAVEZ;United States Of America
Ryo;NAGAI;Japan
J?rgen;LARSEN;Norway
Manfred;KWADWO;Ghana
Guy-Marcelin;KILAMA;Cameroon
Gaku;SHIBASAKI;Japan
Chase;GASPER;United States Of America
Erik;HOLT;United States Of America
Alexander;JEREMEJEFF;Sweden
Marcelino;CARREAZO;Venezuela
Scott;CALDWELL;United States Of America
Jeremy;EBOBISSE;United States Of America
Caleb;PATTERSON-SEWELL;United States Of America
Simon;GUSTAFSON;Sweden
Rãzvan;TRIF;Romania
John;GUIDETTI;Sweden
Gjoko;ZAJKOV;Macedonia
Jonathan;RASHEED;Norway
Stephen;WARD;Ireland
Virgil;GHI?Ã;Romania
Maksim;GLUSHENKOV;Russia
Kristoffer;NORDFELDT;Sweden
James;LAWRENCE;Wales
Ike;OPARA;United States Of America
Bright;ADDAE;Ghana
Azzeddine;DOUKHA;Algeria
Gudmund;KONGSHAVN;Norway
Emil;KALSAAS;Norway
Jonas;LINDBERG;Sweden
?tefan;TÂRNOVANU;Romania
Nabil;BAHOUI;Sweden
Jack;LAHNE;Sweden
Andrew;SHINNIE;Scotland
Oleksiy;DYTYATEV;Ukraine
Craig;FORSYTH;Scotland
Sargon;ABRAHAM;Sweden
Jimmy;RYAN;Ireland
Jack;LIVESEY;Scotland
Joonas;VAHTERA;Finland
Andriy;SHEVCHENKO;Ukraine
Isak;SSEWANKAMBO;Sweden
Ken;TOKURA;Japan
Félix;EBOA;Cameroon
Lucas;HÄGG-JOHANSSON;Sweden
Liam;POLWORTH;Scotland
Milan;ÐURIÆ;Bosnia And Herzegovina
Avraam;PAPADOPOULOS;Greece
Goodness;AJAYI;Nigeria
Adama;DIOMANDE;Norway
Harrison;AFFUL;Ghana
Paddy;KIRK;Ireland
James;MCARTHUR;Scotland
Eirik;HAUGAN;Norway
Fredrik;NORDKVELLE;Norway
Y?ki;MUT?;Japan
Kekuta;MANNEH;United States Of America
Joe;ALLEN;Wales
Andrew;HUGHES;Wales
Trey;MUSE;United States Of America
Karl;LARSON;Sweden
Victor;EKANI;Cameroon
Steven;FLETCHER;Scotland
Tim;SÖDERSTRÖM;Sweden
Robbie;BRADY;Ireland
Dillon;SERNA;United States Of America
Toru;TAKAGIWA;Japan
Kevin;KOUASSIVI-BENISSAN;Finland
Frankie;AMAYA;United States Of America
Stefan;RISTOVSKI;Macedonia
Kristoffer;TOKSTAD;Norway
Chidera;EJUKE;Nigeria
Yuta;GOKE;Japan
Chris;MCCANN;Ireland
Ryota;MORIOKA;Japan
Adam;KWARASEY;Ghana
Ashley;RICHARDS;Wales
Brian;GARTLAND;Ireland
Fabián;BALBUENA;Paraguay
Wilfred;NDIDI;Nigeria
Robin;KÄLLMAN;Finland
Masato;NAKAYAMA;Japan
Keith;WATSON;Scotland
Christian;BASSOGOG;Cameroon
Takashi;USAMI;Japan
Shun;TAKAGI;Japan
Kento;MISAO;Japan
Fredrik;KNUDSEN;Norway
Blair;SPITTAL;Scotland
Renzo;ZAMBRANO;Venezuela
Pontus;JANSSON;Sweden
Richard;PRIETO;Paraguay
Conor;DAVIS;Ireland
Pontus;ALMQVIST;Sweden
Franz;BRORSSON;Sweden
Adam;BARK;Sweden
Lassana;COULIBALY;Mali
Shusuke;YONEHARA;Japan
Yohei;TOYODA;Japan
Gary;MACKAY-STEVEN;Scotland
Nikola;JAKIMOVSKI;Macedonia
Runar;ESPEJORD;Norway
Thomas;AMANG;Cameroon
Matt;LAMPSON;United States Of America
Ryosuke;TONE;Japan
James;MCCLEAN;Ireland
Ryo;ISHII;Japan
RJ;ALLEN;United States Of America
Ovidiu;HOBAN;Romania
Yangel;HERRERA;Venezuela
Sean;MCLOUGHLIN;Ireland
Shaun;WANT;Scotland
Jimmy;DUNNE;Ireland
James;DOONA;Ireland
Lev;YASHIN;Russia
Dimitrios;SIOVAS;Greece
Christos;DONIS;Greece
Arijan;ADEMI;Macedonia
Mikey;PLACE;Ireland
Takuya;WADA;Japan
Ezgjan;ALIOSKI;Macedonia
Kyosuke;TAGAWA;Japan
Per;KARLSSON;Sweden
Hampus;FINNDELL;Sweden
Jesper;ARVIDSSON;Sweden
Ismaël;BENNACER;Algeria
Jasmin;FEJZIÆ;Bosnia And Herzegovina
Daniel;JARL;Sweden
Katsuya;IWATAKE;Japan
Gedion;ZELALEM;United States Of America
Lloyd;ISGROVE;Wales
Mads;REGINIUSSEN;Norway
Daniel;KVANDE;Norway
Samuel;NNAMANI;Nigeria
Joseph;CHALMERS;Scotland
Sander;BERGE;Norway
Takuya;YASUI;Japan
Robert;SLEVIN;Ireland
Goran;CVIJANOVIÆ;Slovenia
Tom;DELE-BASHIRU;Nigeria
Aristidis;SOILEDIS;Greece
Sigurd;ROSTED;Norway
Fredrik;TORSTEINB?;Norway
Yohandry;OROZCO;Venezuela
Marcus;DEGERLUND;Sweden
Naoyuki;FUJITA;Japan
Mushaga;BAKENGA;Norway
Alin;DUDEA;Romania
Chris;FORRESTER;Ireland
Murray;WALLACE;Scotland
Ariajasuru;HASEGAWA;Japan
Patrik;RAITANEN;Finland
Hiroto;ISHIKAWA;Japan
Ciprian;DEAC;Romania
Sacha;KLJESTAN;United States Of America
Henry;WINGO;United States Of America
Aldom;DEURO;Mali
Antony;SILVA;Paraguay
Tim;VÄYRYNEN;Finland
Cosmin;ACHIM;Romania
Youcef;ATAL;Algeria
Mehdi;TAHRAT;Algeria
Zaur;SADAEV;Russia
Jon-Helge;TVEITA;Norway
Kevin;ACKERMANN;Sweden
Ryan;DELANEY;Ireland
Issah;ABASS;Ghana
Vanja;DRKUŠIÆ;Slovenia
Gustaf;NILSSON;Sweden
Helmer;ANDERSSON;Sweden
Joe;MASON;Ireland
Daiki;NIWA;Japan
Sebastian;DAHLSTRÖM;Finland
Leo;OSAKI;Japan
Ado;ONAIWU;Japan
Alexander;MILOŠEVIÆ;Sweden
Vegard;FORREN;Norway
Haris;MEDUNJANIN;Bosnia And Herzegovina
Fabrice;OLINGA;Cameroon
Roman;TUGAREV;Russia
Adam;IDAH;Ireland
Aristide;SAGBAKKEN;Norway
Jonathan;CAMPBELL;United States Of America
Kiichi;YAJIMA;Japan
Nao;IWADATE;Japan
Luke;MCCORMICK;Scotland
Jonathan;AUGUSTINSSON;Sweden
Sergiu;SUCIU;Romania
Magnus;EIKREM;Norway
Deian;SORESCU;Romania
Cristian;COLMÁN;Paraguay
Tsuyoshi;WATANABE;Japan
Takuya;IWANAMI;Japan
Ryo;TAKANO;Japan
Pawe³;CIBICKI;Sweden
Sebastian;MAILAT;Romania
Kentaro;KAKOI;Japan
George;BYERS;Scotland
Octavian;VÂLCEANU;Romania
Michael;ANABA;Ghana
Alexandru;MÃ?AN;Romania
Jeando;FUCHS;Cameroon
Juan;AGUDELO;United States Of America
John;BROOKS;United States Of America
Keigo;HIGASHI;Japan
Clifford;ABOAGYE;Ghana
George;?UCUDEAN;Romania
Sergiu;BU?;Romania
Darío;LEZCANO;Paraguay
Sean;NEALIS;United States Of America
Sindre;MAURITZ-HANSEN;Norway
Dan;NISTOR;Romania
Kei;KOIZUMI;Japan
Connor;ROBERTS;Wales
Jack;CLARKE;Ireland
Thomas;ROGNE;Norway
Yugo;TATSUTA;Japan
Constantin;DIMA;Romania
Adrian;PETRE;Romania
Okan;CHATZITERZOGLOU;Greece
Walid;MESLOUB;Algeria
Keiya;SHIIHASHI;Japan
Alexander;HANSEN;Norway
Lynden;GOOCH;United States Of America
Toyofumi;SAKANO;Japan
Rominigue;KOUAMÉ;Mali
Will;BRUIN;United States Of America
Djamel;BENLAMRI;Algeria
Fredrik;SJ?LSTAD;Norway
Jamie;BELL;Ireland
Enis;BARDHI;Macedonia
Ionuþ;BALAUR;Romania
;VAGNER;Cape Verde
Mustafa;ABDELLAOUE;Norway
Sondre;BJ?RSHOL;Norway
Kristoffer;HOVEN;Norway
Yuta;KOIKE;Japan
Magnar;?DEGAARD;Norway
Tsuyoshi;KODAMA;Japan
Samuel;SOSA;Venezuela
Sean;MCDONALD;Ireland
Joachim;IMBRECHTS;Sweden
Luca;CONNELL;Ireland
Stevie;MAY;Scotland
Valter;BIRSA;Slovenia
Christian;ATSU;Ghana
Daniel;NOVAC;Romania
Kieron;FREEMAN;Wales
Florin;TÃNASE;Romania
Josef;MARTÍNEZ;Venezuela
John;RUSSELL;Ireland
Kohei;SHIMIZU;Japan
Christian;DOIDGE;Wales
Gregor;ZABRET;Slovenia
Michael;NGADEU;Cameroon
;;
Richard;FOSTER;Scotland
Hiroki;MIZUMOTO;Japan
Aapo;HALME;Finland
Morten;KONRADSEN;Norway
Luis;BARRAZA;United States Of America
Shingo;TOMITA;Japan
Kyle;LETHEREN;Wales
Lubomir;TUPTA;Slovakia
Joseph;ATTAMAH;Ghana
;;
Eduard;BELLO;Venezuela
P?l;HELLAND;Norway
Oussama;DARFALOU;Algeria
Roy;O'DONOVAN;Ireland
Gearóid;MORRISSEY;Ireland
Makoto;HASEBE;Japan
Kazuki;OIWA;Japan
Michael;DOUGHTY;Wales
Tim;HOWARD;United States Of America
Iddrisu;BABA;Ghana
Bent;S?RMO;Norway
Brad;GUZAN;United States Of America
Amando;MORENO;United States Of America
Cody;CROPPER;United States Of America
Albert;RUSNÁK;Slovakia
Brooks;LENNON;United States Of America
Fodé;KONATÉ;Mali
Jamie;DEVITT;Ireland
Koki;KOTEGAWA;Japan
Denni;AVDIÆ;Sweden
Eetu;VERTAINEN;Finland
Dinny;CORCORAN;Ireland
André;SÖDLUND;Norway
Georgios;GIAKOUMAKIS;Greece
Yushi;YAMAYA;Japan
Justin;RENNICKS;United States Of America
Farid;BOULAYA;Algeria
Jacob;ZETTERSTRÖM;Sweden
Yuki;OHASHI;Japan
Hiroki;SAKAI;Japan
Erling;KNUDTZON;Norway
Tomás;RINCÓN;Venezuela
Daniel;BJÖRKMAN;Sweden
Philip;HAGLUND;Sweden
Yoshiki;TAKAHASHI;Japan
Cristian;COSTIN;Romania
Akihiro;HAYASHI;Japan
Pontus;DAHLBERG;Sweden
Michael;CROWE;Wales
Erlend;JACOBSEN;Norway
Ayo;AKINOLA;United States Of America
Kosei;TANI;Japan
Alexandru;VLAD;Romania
Jone;SAMUELSEN;Norway
Daniel;ARMSTRONG;Scotland
Vegard;BERGAN;Norway
Bill;HAMID;United States Of America
Aboubacar;KONTE;Mali
Gustavo;VELÁZQUEZ;Paraguay
Togo;UMEDA;Japan
;;
Jorge;ROJAS;Paraguay
Rami;KAIB;Sweden
Robert;?STEDT;Sweden
Alan;MCCORMACK;Ireland
Chiedozie;OGBENE;Nigeria
Shogo;NAKAHARA;Japan
Kentaro;SEKI;Japan
Anthony;NWAKAEME;Nigeria
Taras;STEPANENKO;Ukraine
Nikos;MELISSAS;Greece
Kei;CHINEN;Japan
;VARELA;Cape Verde
Gavin;SHERIDAN;Ireland
Ioan;FILIP;Romania
Kazuki;NAGASAWA;Japan
André;AYEW;Ghana
Latif;BLESSING;Ghana
Juan;ITURBE;Paraguay
Júnior;MORAES;Ukraine
Mikey;DRENNAN;Ireland
Nikos;VERGOS;Greece
Hirotaka;MITA;Japan
Eric;ASOMANI;Ghana
Rifet;KAPIÆ;Bosnia And Herzegovina
Stephen;ODEY;Nigeria
Jamilu;COLLINS;Nigeria
Emmanuel;HACKMAN;Ghana
Keita;TAKAHATA;Japan
Shadrach;OGIE;Ireland
Samir;HANDANOVIÈ;Slovenia
Benny;FEILHABER;United States Of America
Mohamed;CAMARA;Mali
Heradi;RASHIDI;Sweden
Nikki;HAVENAAR;Japan
Kunimitsu;SEKIGUCHI;Japan
István;FÜLÖP;Romania
Haitam;ALEESAMI;Norway
Matt;FREESE;United States Of America
Koya;YURUKI;Japan
Chima;AKAS;Nigeria
Emmanuel;GYASI;Ghana
Aidan;FITZPATRICK;Scotland
Linus;WAHLQVIST;Sweden
Craig;HALKETT;Scotland
Roque;CARDOZO;Paraguay
Artem;SOKOL;Russia
Sean;MURRAY;Ireland
Even;HOVLAND;Norway
Denis;CHERYSHEV;Russia
David;ACCAM;Ghana
Joe;MURPHY;Ireland
Aiden;MCGEADY;Ireland
;;
David;BROOKS;Wales
Sondre;ROSSBACH;Norway
William;POPP;Japan
Herman;STENGEL;Norway
Moses;SIMON;Nigeria
Andrew;PUTNA;United States Of America
Rory;FEELY;Ireland
Ryan;FLYNN;Scotland
Jack;GRIMMER;Scotland
Bj?rn;UTVIK;Norway
Henrik;BJ?RDAL;Norway
Ryan;SWAN;Ireland
Zsombor;VERESS;Romania
Takuya;MARUTANI;Japan
David;LAZÃR;Romania
Ryo;GERMAIN;Japan
Vitaliy;MYKOLENKO;Ukraine
Patrik;CARLGREN;Sweden
Tim;PARKER;United States Of America
Andre;RAWLS;United States Of America
Ali;CRAWFORD;Scotland
Szabolcs;KILYÉN;Romania
Eisuke;FUJISHIMA;Japan
Ryo;TAKAHASHI;Japan
Marc;MBAMBA;Cameroon
Damjan;BOHAR;Slovenia
Bakaye;DIBASSY;Mali
Fedor;SMOLOV;Russia
Kelyn;ROWE;United States Of America
Mathias;FREDRIKSEN;Norway
Ken;TAJIRI;Japan
Kazuma;WATANABE;Japan
Isak;PETTERSSON;Sweden
Josh;WILLIAMS;United States Of America
Denis;CHERYSHEV;Russia
Willi;ORBAN;Hungary
Isaac;SUCCESS;Nigeria
Chidozie;AWAZIEM;Nigeria
Nagisa;SAKURAUCHI;Japan
Julio;VILLALBA;Paraguay
Ryota;NAGAKI;Japan
Shinichiro;KAWAMATA;Japan
Sosuke;SHIBATA;Japan
Tyler;MILLER;United States Of America
Cristhian;PAREDES;Paraguay
Bobby;WOOD;United States Of America
Tom;LAWRENCE;Wales
Mark;MCNULTY;Ireland
Makito;ITO;Japan
Michalis;BAKAKIS;Greece
Alexander;RING;Finland
Osvaldo;MARTÍNEZ;Paraguay
Callum;ROBINSON;Ireland
Sebastian;SAUCEDO;United States Of America
Robert;TAYLOR;Finland
Kristian;THORSTVEDT;Norway
Dmitriy;BARINOV;Russia
Koki;SUGIMORI;Japan
Adam;LUNDQVIST;Sweden
Aljaž;STRUNA;Slovenia
Takuma;ARANO;Japan
Viljar;MYHRA;Norway
Amadou;HAIDARA;Mali
Emmanuel;BESEA;Ghana
Martin;BROBERG;Sweden
Liam;BRIDCUTT;Scotland
Takuya;AOKI;Japan
Stian;GREGERSEN;Norway
Kelechi;NWAKALI;Nigeria
Soya;TAKAHASHI;Japan
Youcef;ATAL;Algeria
Sebastián;FERREIRA;Paraguay
Akira;IBAYASHI;Japan
Tomoya;INUKAI;Japan
John;KITOLANO;Norway
Andrew;CARLETON;United States Of America
Fitim;AZEMI;Norway
Itsuki;ODA;Japan
Anssi;JAAKKOLA;Finland
Liam;SCALES;Ireland
Jorge;MOREIRA;Paraguay
Achilléas;POÚNGOURAS;Greece
Joakim;NILSEN;Norway
Joe;WRIGHT;Wales
Kristoffer;LARSEN;Norway
Alexandru;ZAHARIA;Romania
Alexandru;PAªCANU;Romania
Joe;WALSH;Wales
Benjamin;TETTEH;Ghana
Patrick;HOBAN;Ireland
Kengo;KAWAMATA;Japan
Kazunori;YOSHIMOTO;Japan
Fred;FRIDAY;Nigeria
Kjetil;HAUG;Norway
Casper;ÖYVANN;Norway
Mitsuki;SAITO;Japan
David;WEBSTER;Ireland
Justin;DHILLON;United States Of America
Joel;SO?ORA;United States Of America
Jackson;YUEILL;United States Of America
Branimir;HRGOTA;Sweden
Alan;LITHGOW;Scotland
Theo;ARCHIBALD;Scotland
Samir;CARRUTHERS;Ireland
Alexandru;IONI?Ã;Romania
Andrei;TÎRCOVEANU;Romania
Ko;SHIMURA;Japan
Yuma;SUZUKI;Japan
Iustin;POPESCU;Romania
Rãzvan;TINCU;Romania
Denis;VAVRO;Slovakia
Jimmy;KEOHANE;Ireland
John;MIKEL;Nigeria
Kristoffer;KLAESSON;Norway
Luis;LUIS MAGO;Venezuela
Roy;KEANE;Ireland
Terrence;BOYD;United States Of America
Joel;POHJANPALO;Finland
Erik;MCCUE;Sweden
Eduard;PAP;Romania
Sai;WERMESKERKEN;Japan
Jhonder;CÁDIZ;Venezuela
Jaakko;OKSANEN;Finland
Anastasios;BAKASETAS;Greece
Ryuji;IZUMI;Japan
Ivan;TARASOV;Russia
Stanislav;ILJUTCENKO;Russia
Mihai;RÃDU?;Romania
Asahi;MASUYAMA;Japan
Erik;PALMER-BROWN;United States Of America
Denis;HARU?;Romania
Iuliu;HA?IEGAN;Romania
Ilya;KUTEPOV;Russia
Daniel;CLEARY;Ireland
Valentin;GHEORGHE;Romania
Dejan;VOKIÆ;Slovenia
Jon;JÖNSSON;Sweden
Giles;PHILLIPS;United States Of America
Diadie;SAMASSÉKOU;Mali
Victor;OSIMHEN;Nigeria
Asmir;BEGOVIÆ;Bosnia And Herzegovina
Rikuto;HIROSE;Japan
Ronan;HALE;Ireland
;;
Roberto;LOPES;Ireland
Miguel;IBARRA;United States Of America
Edin;VIŠÆA;Bosnia And Herzegovina
Ianis;HAGI;Romania
Daichi;SUGIMOTO;Japan
Matías;ROJAS;Paraguay
Mihai;BORDEIANU;Romania
Richie;O'FARRELL;Ireland
Aron;D?NNUM;Norway
Shunya;MORI;Japan
Innes;CAMERON;Scotland
Andreas;SAMARIS;Greece
Ion;GHEORGHE;Romania
Torbj?rn;KALLEV?G;Norway
Luke;MCNICHOLAS;Ireland
Joe;BENDIK;United States Of America
Michael;GALLAGHER;Ireland
Ovidiu;HOR?IA;Romania
Tobias;HEINTZ;Norway
Nicolas;NGAMALEU;Cameroon
Lazaros;CHRISTODOULOPOULOS;Greece
Eamonn;BROPHY;Scotland
Charlie;ADAM;Scotland
Naoki;MAEDA;Japan
Andrei;SIN;Romania
Yukinari;SUGAWARA;Japan
Shohei;TAKAHASHI;Japan
Troy;PARROTT;Ireland
Kirill;NABABKIN;Russia
Shoma;KAMATA;Japan
Gabriel;SIMION;Romania
Luis;ARRIAGA;United States Of America
Mason;TOYE;United States Of America
Omir;FERNANDEZ;United States Of America
Christoffer;CARLSSON;Sweden
Conor;MCCORMACK;Ireland
Mário;FERNANDES;Russia
Joe;RAFFERTY;Ireland
Ronaldo;LUCENA;Venezuela
Kirk;BROADFOOT;Scotland
Emmanuel;BADU;Ghana
Sebastian;OHLSSON;Sweden
Florin;DURMISHAJ;Greece
Godsway;DONYOH;Ghana
Emmanuel;SABBI;United States Of America
Gregg;WYLDE;Scotland
Juan;A?OR;Venezuela
Perry;KITCHEN;United States Of America
Dávid;HANCKO;Slovakia
Iulian;CRISTEA;Romania
Kingsley;MICHAEL;Nigeria
Ra?s;M'BOLHI;Algeria
Alex;CROGNALE;United States Of America
Vegar;HEDENSTAD;Norway
Jamie;LINDSAY;Scotland
Mustapha;YATABARÉ;Mali
Andy;HALLIDAY;Scotland
Mihai;VODU?;Romania
Kenta;NISHIZAWA;Japan
Mario;KVESIÆ;Bosnia And Herzegovina
;;
Maic;SEMA;Sweden
Kelvin;YEBOAH;Ghana
Yusuf;OTUBANJO;Nigeria
Panajotis;DIMITRIADIS;Sweden
Adam;ERIKSSON;Sweden
Masaya;OKUGAWA;Japan
Masahito;ONODA;Japan
?tefan;FARA;Romania
Ogenyi;ONAZI;Nigeria
Gabriel;VA?VARI;Romania
Mykola;MATVIENKO;Ukraine
Edwin;CERRILLO;United States Of America
Shota;KOBAYASHI;Japan
Anastasios;AVLONITIS;Greece
Paul;GREEN;Ireland
Bonke;INNOCENT;Nigeria
Georgiy;MELKADZE;Russia
Steven;MACLEAN;Scotland
Zachary;ELBOUZEDI;Ireland
Isaac;THELIN;Sweden
Reggie;CANNON;United States Of America
Yevhen;RADIONOV;Ukraine
Ash;TAYLOR;Wales
Borys;TASHCHY;Ukraine
Tom;MURPHY;Ireland
Daiki;SUGA;Japan
Shun;NAGASAWA;Japan
Keita;ENDO;Japan
Mohammed;KUDUS;Ghana
Panagiotis;TSINTOTAS;Greece
Sigurd;GR?NLI;Norway
Simon;LUNDEVALL;Sweden
Ryuji;SAWAKAMI;Japan
Ryuki;MIURA;Japan
Yuto;IWASAKI;Japan
Alexis;ALÉGUÉ;Cameroon
Joseph;MINALA;Cameroon
Barry;BANNAN;Scotland
Yohei;TAKEDA;Japan
Garry;BUCKLEY;Ireland
Darragh;MARKEY;Ireland
Kevin;GARCIA;United States Of America
;;
Lumor;AGBENYENU;Ghana
Benjamin;KÄLLMAN;Finland
Igoh;OGBU;Nigeria
Ryan;FRASER;Scotland
Manasse;KUSU;Sweden
Yusuke;GOTO;Japan
Ryan;SWEENEY;Ireland
Roni;PEIPONEN;Finland
Ernest;ASANTE;Ghana
Gustav;JARL;Sweden
Diego;VALDEZ;Paraguay
Yuji;HOSHI;Japan
Caoimhin;KELLEHER;Ireland
Ryo;TAKEUCHI;Japan
Oscar;AGA;Norway
Jon;MCLAUGHLIN;Scotland
Khiry;SHELTON;United States Of America
Gary;SHAW;Ireland
Haruya;FUJII;Japan
Kenta;ITO;Japan
Matúš;PUTNOCKÝ;Slovakia
David;NILSSON;Macedonia
Lee;WALLACE;Scotland
Keijiro;OGAWA;Japan
Billy;GILMOUR;Scotland
Jeff;LARENTOWICZ;United States Of America
Luis;GONZÁLEZ;Venezuela
David;BATES;Scotland
George;CÎMPANU;Romania
Kristopher;GRACA;Sweden
Ibrahim;SADIQ;Ghana
Haruto;SHIRAI;Japan
Jonathan;MENSAH;Ghana
Matt;MIAZGA;United States Of America
Kohei;ISA;Japan
Kensuke;NAGAI;Japan
Viktor;AGARDIUS;Sweden
Kwame;KIZITO;Ghana
Danny;GRANT;Ireland
Gustav;JANSSON;Sweden
Adrian;IONI?Ã;Romania
Ricardo;CLARK;United States Of America
;;
Hiroki;MAWATARI;Japan
Ransford;SELASI;Ghana
Danny;WILSON;Scotland
Tommi;VAIHO;Sweden
Thomas;LAM;Finland
Sanjin;PRCIÆ;Bosnia And Herzegovina
H?vard;NIELSEN;Norway
Daizen;MAEDA;Japan
Samuel;GUSTAFSON;Sweden
Kenny;SANTOS;Cape Verde
H?kon;OPDAL;Norway
Cian;BOLGER;Ireland
Isaac;ATANGA;Ghana
Celso;ORTÍZ;Paraguay
Denys;POPOV;Ukraine
Samuel;BROLIN;Sweden
Declan;GALLAGHER;Scotland
Stian;RINGSTAD;Norway
Glen;KAMARA;Finland
Adama;TRAORÉ;Mali
Oliver;BURKE;Scotland
Erik;ISRAELSSON;Sweden
Filip;HOLENDER;Hungary
Josua;MEJÍAS;Venezuela
Paul;PÎRVULESCU;Romania
Michaël;ESSIEN;Ghana
Carlos;SUÁREZ;Venezuela
Athanasios;PAPAZOGLOU;Greece
Mathias;KARLSSON;Sweden
Pablo;AGUILAR;Paraguay
Declan;JOHN;Wales
Ulrik;SALTNES;Norway
Sondre;TRONSTAD;Norway
Brian;GRAHAM;Scotland
Ervin;ZUKANOVIÆ;Bosnia And Herzegovina
Donovan;PINES;United States Of America
Rolf;VIKST?L;Norway
Fredrik;ULVESTAD;Norway
Samuel;ARMENTEROS;Sweden
Denys;BALANYUK;Ukraine
Jesper;NYHOLM;Sweden
Kosuke;TAKETOMI;Japan
James;SANDS;United States Of America
Francis;ATUAHENE;Ghana
Hiroshi;FUTAMI;Japan
Bernard;MENSAH;Ghana
G?toku;SAKAI;Japan
Idriss;SAADI;Algeria
Luis;FELIPE;United States Of America
Jason;KNIGHT;Ireland
Yann-Erik;LANLAY;Norway
Yushi;MIZOBUCHI;Japan
Dennis;HORNELAND;Norway
Cornel;DINU;Romania
Fraser;MURRAY;Scotland
Yosuke;IDEGUCHI;Japan
Harald;HAUSO;Norway
Saša;ŽIVEC;Slovenia
Raul;GAVÎRLI?Ã;Romania
Mato;JAJALO;Bosnia And Herzegovina
Mathias;RANMARK;Norway
Nik;OMLADIÈ;Slovenia
Leonardo;KOUTRIS;Greece
Alhaji;GERO;Nigeria
Edvin;DAHLQVIST;Sweden
Valentin;CRE?U;Romania
Vasyl;KRAVETS;Ukraine
Jimmy;DURMAZ;Sweden
Tyler;ADAMS;United States Of America
Fraser;HORNBY;Scotland
Gavin;BAZUNU;Ireland
Filip;LESNIAK;Slovakia
Molla;WAGUÉ;Mali
Viktor;GYÖKERES;Sweden
Ryad;BOUDEBOUZ;Algeria
Kevin;PIEDRAHITA;United States Of America
Runar;JOHANSEN;Norway
Ludvig;ÖHMAN;Sweden
Nikolai;ALHO;Finland
Rasmus;KARJALAINEN;Finland
Stefan;CLEVELAND;United States Of America
László;BÉNES;Slovakia
Konstantinos;STAFYLIDIS;Greece
Craig;BRYSON;Scotland
Robin;LOD;Finland
Fanendo;ADI;Nigeria
Claudiu;PETRILA;Romania
Konstantinos;FORTOUNIS;Greece
Dzenis;KOZICA;Sweden
Tomáš;HUK;Slovakia
Tsubasa;SHIBUYA;Japan
Ethan;AMPADU;Wales
Mattias;SVANBERG;Sweden
Musashi;SUZUKI;Japan
Endre;KUPEN;Norway
Kyle;BECKERMAN;United States Of America
Séamus;COLEMAN;Ireland
Ian;BERMINGHAM;Ireland
Conor;LEVINGSTON;Ireland
Victor;LINDELÖF;Sweden
Marios;OIKONOMOU;Greece
Paul;COUTTS;Scotland
Harry;SHIPP;United States Of America
Andrei;SÎNTEAN;Romania
Takuya;OKAMOTO;Japan
Michael;O'HALLORAN;Scotland
Juan;TORRES;United States Of America
Glenn;MIDDLETON;Scotland
Masaaki;HIGASHIGUCHI;Japan
Yoshiaki;KOMAI;Japan
Jack;EVANS;Wales
Andrei;MIRON;Romania
Henrik;GJESDAL;Norway
Kevin;MCDONALD;Scotland
Naoya;FUKUMORI;Japan
Oghenekaro;ETEBO;Nigeria
Henrik;LARSSON;Sweden
Daniel;GEORGIEVSKI;Macedonia
Kenan;KODRO;Bosnia And Herzegovina
Ovidiu;BIC;Romania
Kosuke;ONOSE;Japan
Petros;MANTALOS;Greece
Pavel;MASLOV;Russia
Tsubasa;NISHI;Japan
John;MCGINN;Scotland
Andrei;CRISTEA;Romania
Maryan;SHVED;Ukraine
Bogdan;BARBU;Romania
Pichkah;PAYA;Sweden
André;ONANA;Cameroon
Adam;BAREIRO;Paraguay
Calum;WATERS;Scotland
Alexandru;?IGÃNA?U;Romania
Matt;POLSTER;United States Of America
Johan;OLSTAD;Norway
Will;AIMSON;Wales
Rachid;GHEZZAL;Algeria
Rilwan;HASSAN;Nigeria
Rãzvan;DÂLBEA;Romania
Áron;DOBOS;Hungary
Soltmurad;BAKAEV;Russia
Nicklas;BÄRKROTH;Sweden
Tony;BELTRAN;United States Of America
Olaus;SKARSEM;Norway
Lucian;DUMITRIU;Romania
John;NELSON;United States Of America
Ilya;POMAZUN;Russia
Ayoub;ABDELLAOUI;Algeria
Josh;CULLEN;Ireland
Besard;SABOVIC;Sweden
Geoff;CAMERON;United States Of America
Johan;M?RTENSSON;Sweden
Dan;MCNAMARA;Ireland
Allan;MCGREGOR;Scotland
;;
Sorin;BU?U;Romania
Amir;ADOUYEV;Russia
Simon;HEDLUND;Sweden
Yoshiki;MATSUSHITA;Japan
Andreas;IVAN;Romania
Duane;HOLMES;United States Of America
Sandro;TSVEIBA;Russia
Niall;MCGINLEY;Ireland
Oscar;LEWICKI;Sweden
Lasse;NILSEN;Norway
Michael;KARLSEN;Norway
Alexandru;CICÂLDÃU;Romania
Ryotaro;ITO;Japan
Yosuke;AKIYAMA;Japan
Florin;?TEFAN;Romania
Michael;GARDYNE;Scotland
Gaute;VETTI;Norway
Sergio;CÓRDOVA;Venezuela
Valentine;OZORNWAFOR;Nigeria
Luke;BOORE;Ireland
Lee;GRACE;Ireland
Nick;HAGGLUND;United States Of America
Mircea;MIHAIU;Romania
Sean;DAVIS;United States Of America
Craig;HENDERSON;Scotland
Kofi;OPARE;United States Of America
Luke;PILLING;Wales
Joel;ANDERSSON;Sweden
Johnny;DUNLEAVY;Ireland
Adi;MEHREMIÆ;Bosnia And Herzegovina
James;SCOTT;Scotland
Nana;ASARE;Ghana
Ethan;FINLAY;United States Of America
Sam;VINES;United States Of America
Thomas;ROBERTS;United States Of America
Gary;ROGERS;Ireland
Roman;ZOBNIN;Russia
Peter;BURKE;Ireland
Vladislav;IGNATIEV;Russia
Stefan;FREI;United States Of America
Lauren?iu;POPESCU;Romania
Ben;WILLIAMS;Wales
Taxiarchis;FOUNTAS;Greece
;;
Temma;MATSUDA;Japan
Ionuþ;RADU;Romania
Ry?;MIYAICHI;Japan
Christian;GAUSETH;Norway
Nair;TIKNIZYAN;Russia
Mikel;AGU;Nigeria
Jamiro;MONTEIRO;Cape Verde
Bright;EDOMWONYI;Nigeria
Lewis;SPENCE;Scotland
Ruslan;MALINOVSKYI;Ukraine
Moses;EBIYE;Nigeria
Ruben;JENSSEN;Norway
Kazuki;ANZAI;Japan
Saad;ABDUL-SALAAM;United States Of America
Atsutaka;NAKAMURA;Japan
Ricardo;GRIGORE;Romania
Tobias;CHRISTENSEN;Norway
Péter;GULÁCSI;Hungary
Niall;CANAVAN;Ireland
Lewis;MACLEOD;Scotland
Daniel;AMARTEY;Ghana
Ryotaro;HIRONAGA;Japan
Marian;AIOANI;Romania
Lukáš;HRÁDECKÝ;Finland
Dean;CLARKE;Ireland
Viktor;LUNDBERG;Sweden
Wil;TRAPP;United States Of America
Makoto;OKAZAKI;Japan
Valeriy;BONDAR;Ukraine
Harry;CARDWELL;Scotland
Oleksiy;SHEVCHENKO;Ukraine
Omar;ALDERETE;Paraguay
Conor;MCCARTHY;Ireland
Rasmus;WIKSTRÖM;Sweden
Ludvig;JOHANSSON;Sweden
Ousseynou;CISSÉ;Mali
Cosmin;VÂTCÃ;Romania
Martin;CHUDÝ;Slovakia
Kaoru;TAKAYAMA;Japan
Shintaro;SHIMADA;Japan
Kian;FLANAGAN;Ireland
Vlad;CHIRICHE?;Romania
Kent-Are;ANTONSEN;Norway
Bryan;IDOWU;Nigeria
Amin;NOURI;Norway
Sho;ITO;Japan
Glenn;WALKER;Norway
Brandon;BYE;United States Of America
Darijan;BOJANIÆ;Sweden
Nikita;DOROFEEV;Russia
Grant;GILLESPIE;Scotland
Cian;HARRIES;Wales
Kotaro;ARIMA;Japan
Jasmin;KURTIÆ;Slovenia
Mohammed;SAEID;Sweden
Oleksandr;PIKHALYONOK;Ukraine
Yuji;ONO;Japan
Graham;BURKE;Ireland
Eduardo;SOSA;Venezuela
Oleksandr;ANDRIEVSKYI;Ukraine
Connor;GORMLEY;Ireland
Yasser;LAROUCI;Algeria
Toshiyuki;TAKAGI;Japan
Panagiotis;TACHTSIDIS;Greece
Tony;MCNAMEE;Ireland
Naoki;ISHIHARA;Japan
Lars;VILSVIK;Norway
Victor;OSIMHEN;Nigeria
Brandon;SERVANIA;United States Of America
?tefan;BLÃNARU;Romania
Emil;BERGSTRÖM;Sweden
John;KAVANAGH;Ireland
Axel;BJÖRNSTRÖM;Sweden
Mykola;SHAPARENKO;Ukraine
Hiroaki;OKUNO;Japan
Jordan;HARVEY;United States Of America
Luis;ZAMUDIO;United States Of America
Mattias;ALMEIDA;Sweden
Chris;BURKE;Scotland
Anthony;PILKINGTON;Ireland
Jonathan;PARR;Norway
;;
Rory;MCKENZIE;Scotland
Erik;BOTHEIM;Norway
Yaw;AMANKWAH;Norway
Kentaro;OI;Japan
Oscar;JANSSON;Sweden
Noriaki;FUJIMOTO;Japan
Niki;JACKSON;United States Of America
Georgiy;DZHIKIYA;Russia
Ionu?;POP;Romania
Samuel;ADRIAN;Sweden
Kristoffer;BARMEN;Norway
Georgios;TZAVELLAS;Greece
Eric;DICK;United States Of America
Peter;GÁL-ANDREZLY;Slovakia
Connor;MCLENNAN;Scotland
Hayato;TERUYAMA;Japan
Daniel;FLOREA;Romania
Ian;LAWLOR;Ireland
Roope;RISKI;Finland
Chris;SEITZ;United States Of America
Graeme;SHINNIE;Scotland
Dennis;MAN;Romania
Ismael;COULIBALY;Mali
Hitoshi;SOGAHATA;Japan
Andrei;PATACHE;Romania
Simon;THERN;Sweden
Mykola;MOROZYUK;Ukraine
Drago?;NEDELCU;Romania
Maksim;RUDAKOV;Russia
Shuhei;MATSUBARA;Japan
Zé;ZÉ LUÍS;Cape Verde
;;
Tyreke;WILSON;Ireland
Eryk;WILLIAMSON;United States Of America
Ross;WALLACE;Scotland
Mark;O'HARA;Scotland
George;BULIGA;Romania
Neal;EARDLEY;Wales
William;SELL;Norway
Clint;IRWIN;United States Of America
Shuaibu;IBRAHIM;Nigeria
Iver;FOSSUM;Norway
Paul;GALLAGHER;Scotland
Jérôme;ONGUÉNÉ;Cameroon
?tefan;VLÃDOIU;Romania
Colm;HORGAN;Ireland
Robert;NECIU;Romania
Jack;KEANEY;Ireland
Danny;FOX;Scotland
Stephen;HENDERSON;Ireland
Hideki;ISHIGE;Japan
Sotirios;PAPAGIANNOPOULOS;Sweden
Anders;TRONDSEN;Norway
Mouhamed;BELKHEIR;Algeria
Erman;VARDAR;Sweden
Mark;BYRNE;Ireland
Gustav;HENRIKSSON;Sweden
Florin;ANDONE;Romania
Edi;SYLISUFAJ;Sweden
Emmanuel;BOATENG;Ghana
Sam;TODD;Ireland
Kohei;HATTORI;Japan
Niall;MORAHAN;Ireland
Ruslan;BABENKO;Ukraine
Nsima;PETER;Nigeria
Felix;BEIJMO;Sweden
Mihai;VELISAR;Romania
Noah;BAZEE;Nigeria
Jaka;BIJOL;Slovenia
Mikael;INGEBRIGTSEN;Norway
Rune;JARSTEIN;Norway
Morten;PEDERSEN;Norway
Shoya;NAKAJIMA;Japan
Barnabás;BESE;Hungary
Andreias;CALCAN;Romania
Tosin;KEHINDE;Nigeria
Alexander;ST?L?S;Norway
Muhamed;KEITA;Norway
Kevin;YAKOB;Sweden
Goro;KAWANAMI;Japan
Allan;CAMPBELL;Scotland
John-Joe;O'TOOLE;Ireland
Per;SKJELBRED;Norway
Magnus;BLAKSTAD;Norway
Wilhelm;LOEPER;Sweden
Robert;LUNDSTRÖM;Sweden
Marius;CHELARU;Romania
Jesper;KARLSSON;Sweden
Tony;ROCHA;United States Of America
Alex;ROLDAN;United States Of America
Shinzo;KOROKI;Japan
Marcus;ANTONSSON;Sweden
Alex;JAKUBIAK;Scotland
Greg;BOLGER;Ireland
Ross;TREACY;Ireland
Felix;ADJEI;Ghana
Conor;SHAUGHNESSY;Ireland
Mark;COYLE;Ireland
Jesper;MANNS;Sweden
Keith;COWAN;Ireland
Mitsuru;MARUOKA;Japan
Owusu;KWABENA;Ghana
Néstor;ORTIGOZA;Paraguay
Olivier;MBAIZO;Cameroon
Ola;TOIVONEN;Sweden
Jaylin;LINDSEY;United States Of America
Georges;BOKWÉ;Cameroon
Anderson;ESITI;Nigeria
Kosuke;YAMAMOTO;Japan
Adrián;ZENDEJAS;United States Of America
Quincy;AMARIKWA;United States Of America
Jake;COOPER;Ireland
Marius;BILD?Y;Norway
Tobias;SVENDSEN;Norway
Kazunari;ONO;Japan
Dean;O'HALLORAN;Ireland
Kelvin;ETUHU;Nigeria
Sivert;NILSEN;Norway
Okechukwu;AZUBUIKE;Nigeria
Cam;LINDLEY;United States Of America
Pierre;BENGTSSON;Sweden
Simon;SANDBERG;Sweden
Victor;MOSES;Nigeria
Azar;KARADAS;Norway
Ohi;OMOIJUANFO;Norway
Yasuhiro;HIRAOKA;Japan
Kosei;SHIBASAKI;Japan
Barry;DOUGLAS;Scotland
Charlie;WEBERG;Sweden
Olarenwaju;KAYODE;Nigeria
Andy;KING;Wales
Volodymyr;KOSTEVYCH;Ukraine
Kevin;KAMPL;Slovenia
Patrick;TWUMASI;Ghana
Hillal;SOUDANI;Algeria
Dimitris;CHATZIISAIAS;Greece
Pontus;WERNBLOOM;Sweden
Bruce;ANDERSON;Scotland
Ryo;HATSUSE;Japan
Aaron;RAMSEY;Wales
Canice;CARROLL;Ireland
Jonathan;KLINSMANN;United States Of America
Gustav;SVENSSON;Sweden
Hadi;SACKO;Mali
Aaron;MCCAREY;Ireland
Jean-Charles;CASTELLETTO;Cameroon
Shota;KANEKO;Japan
;BRITO;Cape Verde
Viktor;ELM;Sweden
Brian;ROWE;United States Of America
Kota;OGI;Japan
Stephen;MCGINN;Scotland
Keisuke;SAKA;Japan
Efthymios;KOULOURIS;Greece
Kazuya;YAMAMURA;Japan
Róbert;PICH;Slovakia
Moussa;NJIE;Norway
Mihai;POPESCU;Romania
Kadir;HODŽIÆ;Sweden
Yuki;SOMA;Japan
Vedad;IBIŠEVIÆ;Bosnia And Herzegovina
Jesse;GONZALEZ;United States Of America
Brad;KNIGHTON;United States Of America
Domen;ÈRNIGOJ;Slovenia
Shane;DUFFY;Ireland
Kosuke;KINOSHITA;Japan
Henrik;LÖFKVIST;Sweden
Alexander;FARNERUD;Sweden
Dion;DONOHUE;Wales
Andriy;BATSULA;Ukraine
Masaki;IIDA;Japan
Majeed;ASHIMERU;Ghana
Earl;JR.;United States Of America
Toshiya;TAKAGI;Japan
Franck;BOYA;Cameroon
Mikael;LUSTIG;Sweden
Nicolas;NKOULOU;Cameroon
Kellyn;ACOSTA;United States Of America
Per;BR?TVEIT;Norway
Kadiri;MOHAMMED;Ghana
;ELY;Cape Verde
Ikuma;SEKIGAWA;Japan
Jesse;JORONEN;Finland
Ihor;BEREZOVSKYI;Ukraine
Sead;KOLAŠINAC;Bosnia And Herzegovina
Aron;JÓHANNSSON;United States Of America
Masataka;NISHIMOTO;Japan
Elias;ANDERSSON;Sweden
Sei;MUROYA;Japan
?rjan;NYLAND;Norway
John;MCGINN;Scotland
Kévin;ZOHI;Mali
Craig;SIBBALD;Scotland
Daniel;BRAATEN;Norway
Adis;JAHOVIÆ;Macedonia
Ryan;CHRISTIE;Scotland
Mihai;BÃLA?A;Romania
Daniel;BENZAR;Romania
Akseli;PELVAS;Finland
Oliver;PETERSEN;Norway
Filip;ROGIC;Sweden
Lauren?iu;CORBU;Romania
Marko;SIMONOVSKI;Macedonia
Rãzvan;ANDRONIC;Romania
Shintaro;NAGO;Japan
Erik;T?NNE;Norway
Curtis;LYLE;Scotland
Yuta;TAKI;Japan
Felix;MYHRE;Norway
J?rgen;HORN;Norway
Mamoutou;N'DIAYE;Mali
Matt;GILKS;Scotland
Éver;CANTERO;Paraguay
Yamato;MACHIDA;Japan
Kristoffer;ZACHARIASSEN;Norway
Yuta;HIGUCHI;Japan
Chris;MARTIN;Scotland
Barrie;MCKAY;Scotland
Takanori;SUGENO;Japan
Haris;BELKEBLA;Algeria
Takahiro;IIDA;Japan
Gbenga;AROKOYO;Nigeria
Roman;ZOZULYA;Ukraine
Eric;BIRD;United States Of America
Takumi;NAKAMURA;Japan
Tyler;BOYD;United States Of America
Christian;BORCHGREVINK;Norway
Andrew;LYONS;Ireland
Chris;GOSLIN;United States Of America
Nihad;MUJAKIÆ;Bosnia And Herzegovina
Jamie;WALKER;Scotland
Joel;EKSTRAND;Sweden
DeJuan;JONES;United States Of America
Harry;ARTER;Ireland
Jake;MULRANEY;Ireland
Shea;SALINAS;United States Of America
Rachid;BOUHENNA;Algeria
Donald;LOVE;Scotland
Santeri;HOSTIKKA;Finland
Sebastian;ERIKSSON;Sweden
Harvey;CLAIR;Scotland
Alexandr;GOLOVIN;Russia
Regan;POOLE;Wales
George;THOMAS;Wales
Benjamin;ARAPOVIC;Sweden
Adrian;DELAP;Ireland
Ludvig;FRITZSON;Sweden
Sander;SVENDSEN;Norway
Olimpiu;MORUÞAN;Romania
Olamide;SHODIPO;Ireland
Charalampos;LYKOGIANNIS;Greece
Jozo;ŠIMUNOVIÆ;Bosnia And Herzegovina
Mykyta;BURDA;Ukraine
Kyle;DUNCAN;United States Of America
Kenny;DALGLISH;Scotland
Gaël;ONDOUA;Cameroon
Wes;HOOLAHAN;Ireland
Eirik;JOHANSEN;Norway
Conor;KEARNS;Ireland
Mihai;ROMAN;Romania
Liam;CRAIG;Scotland
Lukas;JONSSON;Sweden
Ryosuke;MAEDA;Japan
Michael;BRADLEY;United States Of America
Simen;JUKLER?D;Norway
Riku;MATSUDA;Japan
Liam;GORDON;Scotland
Danny;SWANSON;Scotland
Cameron;COXE;Wales
Harald;TANGEN;Norway
Petar;STOJANOVIÆ;Slovenia
Alan;BENNETT;Ireland
Steven;FORT?S;Cape Verde
Darren;COLLINS;Ireland
Pablo;VELÁZQUEZ;Paraguay
Cãtãlin;GÃINÃ;Romania
Ignatius;GANAGO;Cameroon
Magnus;LENES;Norway
Joshua;SMITH;United States Of America
Wyatt;OMSBERG;United States Of America
Brandon;VAZQUEZ;United States Of America
Paul;CLEARY;Ireland
Andrew;FARRELL;United States Of America
Nikolas;ŠPALEK;Slovakia
Florentin;MATEI;Romania
Viktor;NORING;Sweden
Filip;HELANDER;Sweden
;SOKRATIS;Greece
Shane;LONG;Ireland
Paul;COSTEA;Romania
Jhon;CHANCELLOR;Venezuela
William;FITZGERALD;Ireland
David;RICHARDS;Wales
Fredrik;HAMMAR;Sweden
Cristian;DUMITRU;Romania
Florinel;COMAN;Romania
Tobias;KARLSSON;Sweden
Brenden;AARONSON;United States Of America
Siriki;DEMBELE;Scotland
Andrey;ESCHENKO;Russia
Mehdi;ABEID;Algeria
Billy;BODIN;Wales
Kristoffer;ASKILDSEN;Norway
Yoshito;OKUBO;Japan
Nicholas;OPOKU;Ghana
Tibor;JOZA;Sweden
Dejan;STOJANOVIÆ;Macedonia
Zander;CLARK;Scotland
Davor;BLAZEVIC;Sweden
Joseph;AMOAH;Ghana
Paudie;O'CONNOR;Ireland
Sergiy;RYBALKA;Ukraine
Stéphane;BAHOKEN;Cameroon
Hikaru;ARAI;Japan
Jack;MCMILLAN;Scotland
Henri;TOIVOMÄKI;Finland
Ondrej;DUDA;Slovakia
Roberto;ROSALES;Venezuela
Yann;SONGO'O;Cameroon
Godfred;DONSAH;Ghana
Ronan;COUGHLAN;Ireland
Herman;HALLBERG;Sweden
Rene;GILMARTIN;Ireland
Hideto;TAKAHASHI;Japan
Joackim;SOLBERG;Norway
Alexandr;KOLOMEYTSEV;Russia
Vasile;MOGO?;Romania
Wan;KUZAIN;United States Of America
Emmanuel;MONTHE;Cameroon
David;ATANGA;Ghana
Muhamed;BEŠIÆ;Bosnia And Herzegovina
¼ubomír;ŠATKA;Slovakia
Paul;MCGINN;Scotland
Jacob;ERICSSON;Sweden
Eoghan;STOKES;Ireland
Ross;CUNNINGHAM;Scotland
Kei;OSHIRO;Japan
Eduard;SOBOL;Ukraine
Jordan;SHIPLEY;Ireland
Pavol;ŠAFRANKO;Slovakia
Adalberto;PE?ARANDA;Venezuela
Kévin;SONI;Cameroon
Daniel;MILJANOVIÆ;Sweden
Nicolas;JENSSEN;Norway
Sean;MAGUIRE;Ireland
Moses;ODJER;Ghana
Justen;GLAD;United States Of America
Oscar;HILJEMARK;Sweden
William;TROOST-EKONG;Nigeria
Angel;ROMERO;Paraguay
Alexander;ABRAHAMSSON;Sweden
André;HANSEN;Norway
James;WILSON;Wales
Árpád;TORDAI;Romania
Javier;ACU?A;Paraguay
Jin;IZUMISAWA;Japan
Ryan;GIGGS;Wales
Bogdan;ILIE;Romania
Andrew;ROBERTSON;Scotland
Shinji;KAGAWA;Japan
Kazuaki;MAWATARI;Japan
Kai;SHIBATO;Japan
Jonathan;LINDSETH;Norway
Takashi;INUI;Japan
Goran;PANDEV;Macedonia
Lee;MILLER;Scotland
André-Franck;ANGUISSA;Cameroon
Paxton;POMYKAL;United States Of America
Jamie;MCGRATH;Ireland
Amedej;VETRIH;Slovenia
Julio;GONZÁLEZ;Paraguay
Greg;KILTIE;Scotland
August;MIKKELSEN;Norway
Daiju;SASAKI;Japan
Jacobo;KOUFFATY;Venezuela
Kevin;LYNCH;Ireland
Spencer;RICHEY;United States Of America
Robin;ÖSTLIND;Sweden
Bilal;NJIE;Norway
Vetle;DRAGSNES;Norway
Giorgi;TSITAISHVILI;Ukraine
Jeff;ATTINELLA;United States Of America
Ognjen;GNJATIÆ;Bosnia And Herzegovina
Nick;DELEON;United States Of America
Daiki;SUGIOKA;Japan
Shuto;WATANABE;Japan
Simon;TIBBLING;Sweden
Odisseas;VLACHODIMOS;Greece
Robert;MOLDOVEANU;Romania
Takahiro;SEKINE;Japan
Jordan;WILLIAMS;Wales
P?l;ULVESTAD;Norway
Alexander;ISAK;Sweden
Anthony;IKEDI;Nigeria
Lewis;FERGUSON;Scotland
Emil;SALOMONSSON;Sweden
Nick;LIMA;United States Of America
Nemanja;BILBIJA;Bosnia And Herzegovina
Shu;KURATA;Japan
Isaac;ANGKING;United States Of America
Raymon;GADDIS;United States Of America
Marius;LARSEN;Norway
Chris;PONTIUS;United States Of America
Samuel;MENSIRO;Ghana
John;MCGINN;Scotland
Eric;OCANSEY;Ghana
Andriy;SHEVCHENKO;Ukraine
Joey;O'BRIEN;Ireland
Magnus;LEKVEN;Norway
Scott;MARTIN;Scotland
Alexandr;SELIKHOV;Russia
Kristoffer;HAUGEN;Norway
Hampus;SVENSSON;Sweden
Miroslav;STOCH;Slovakia
Lukáš;HROŠŠO;Slovakia
Peter;MICHAEL;Nigeria
Henry;ONYEKURU;Nigeria
Chidiebere;NWAKALI;Nigeria
Yuriy;LODYGIN;Russia
Henry;OFFIA;Nigeria
Steven;NAISMITH;Scotland
Sebastian;RING;Sweden
Kwesi;APPIAH;Ghana
Samba;SOW;Mali
Chamseddine;RAHMANI;Algeria
Henrik;GULDEN;Norway
Michael;LANSING;United States Of America
Vladimir;SCRECIU;Romania
Hirotsugu;NAKABAYASHI;Japan
Adam;DAVIES;Wales
;MARLOS;Ukraine
Simon;SKRABB;Finland
Liam;LINDSAY;Scotland
Fredrik;BERGE;Norway
Eric;CHOUPO-MOTING;Cameroon
Daryl;HORGAN;Ireland
Leke;JAMES;Nigeria
Hugo;VETLESEN;Norway
Andreas;BOUCHALAKIS;Greece
Erlend;SIVERTSEN;Norway
Steve;CLARK;United States Of America
Serhii;MIAKUSHKO;Ukraine
Alexandru;PIFTOR;Romania
Birger;MELING;Norway
Martin;ELLINGSEN;Norway
Gianluca;BUSIO;United States Of America
Harry;CLIFTON;Wales
Anton;MITRYUSHKIN;Russia
Erdon;DACI;Macedonia
Albert;POPA;Romania
Emerson;HYNDMAN;United States Of America
Pierce;SWEENEY;Ireland
Abdul;BABA;Ghana
Dave;ROMNEY;United States Of America
Jamie;LENNON;Ireland
Kiwara;MIYAZAKI;Japan
Scott;PITTMAN;Scotland
Adis;JAHOVIÆ;Macedonia
Timur;ZHAMALETDINOV;Russia
Lee;FRECKLINGTON;Ireland
Joe;SHAUGHNESSY;Ireland
Nicu?or;BANCU;Romania
Julius;LINDGREN;Sweden
Chris;ERSKINE;Scotland
Jake;WALKER;Ireland
Ilzat;AKHMETOV;Russia
Jack;RYAN;Ireland
Andrej;KADLEC;Slovakia
Matthew;CONNOR;Ireland
Jordan;CRANSTON;Wales
;;
Frank;ONYEKA;Nigeria
Luis;ROBLES;United States Of America
Darlington;NAGBE;United States Of America
Emmanuel;OSADEBE;Ireland
Mario;RONDÓN;Venezuela
Ronaldo;PE?A;Venezuela
Jonas;BRAUTI;Norway
Fousseni;DIABATÉ;Mali
Jorge;VILLAFA?A;United States Of America
Srgian;LUCHIN;Romania
Frantz;PANGOP;Cameroon
Carl;JOHANSSON;Sweden
Léandre;TAWAMBA;Cameroon
Sean;HOARE;Ireland
Kazaki;NAKAGAWA;Japan
Ian;RUSH;Wales
Yussif;CHIBSAH;Ghana
Lauren?iu;BRÃNESCU;Romania
Cristian;BÃLGRÃDEAN;Romania
Valentin;NEAC?U;Romania
Jack;HARPER;Scotland
Sean;CALLAN;Ireland
Sean;LONG;Ireland
Motohiko;NAKAJIMA;Japan
Josef;BACCAY;Norway
Adnan;KOVAÈEVIÆ;Bosnia And Herzegovina
Ahmed;KASHI;Algeria
Conor;COVENTRY;Ireland
Dan;KELLY;Ireland
Scott;BAIN;Scotland
Ziggy;GORDON;Scotland
Yoshitake;SUZUKI;Japan
Armin;GIGOVIC;Sweden
Sebastian;LLETGET;United States Of America
Hayato;ARAKI;Japan
Alexandru;POPESCU;Romania
Mahmut;ÖZEN;Sweden
Andrei;LUPU;Romania
Corben;BONE;United States Of America
Daichi;KAMADA;Japan
Chris;SHIELDS;Ireland
Federico;SANTANDER;Paraguay
Lloyd;JAMES;Wales
Yuki;KOBAYASHI;Japan
Karl-Johan;JOHNSSON;Sweden
Mamadou;SAMASSA;Mali
Ján;GREGUŠ;Slovakia
Raphael;DWAMENA;Ghana
Michael;ALMEBÄCK;Sweden
Fatai;ALASHE;United States Of America
Darko;CHURLINOV;Macedonia
Víctor;GARCÍA;Venezuela
Dominik;SZOBOSZLAI;Hungary
Safet;ALIC;Bosnia And Herzegovina
Rhys;NORRINGTON-DAVIES;Wales
Stelios;KITSIOU;Greece
Cian;BARGARY;Ireland
Christian;RISMARK;Norway
Tobias;SANA;Sweden
Cole;BASSETT;United States Of America
Dan;ULVESTAD;Norway
Kevin-Prince;BOATENG;Ghana
Nick;BESLER;United States Of America
August;ERLINGMARK;Sweden
Kevin;KRYG?RD;Norway
Ayumu;SEKO;Japan
Shkodran;MAHOLLI;Sweden
B?rd;FINNE;Norway
Omar;GONZALEZ;United States Of America
Andrei;RÃU?Ã;Romania
Christian;ZOCK;Cameroon
Chris;DURKIN;United States Of America
Edward;OPOKU;Ghana
Samuel;MRAZ;Slovakia
Cãtãlin;?ÎRÃ;Romania
Lee;DESMOND;Ireland
Rãzvan;PATRICHE;Romania
Shane;BLANEY;Ireland
Andy;YIADOM;Ghana
Dominic;BERNARD;Ireland
John;BOYE;Ghana
Kari;ARKIVUO;Finland
Yosuke;KAWAI;Japan
Tyronne;EBUEHI;Nigeria
James;FINNERTY;Ireland
Yuki;OTSU;Japan
Lev;YASHIN;Russia
Tomohiko;MURAYAMA;Japan
Daiki;TOMII;Japan
George;PU?CA?;Romania
Bj?rn;JOHNSEN;Norway
Adam;ST?HL;Sweden
Sam;JUNQUA;United States Of America
Roland;SALLAI;Hungary
Tomoki;IMAI;Japan
Niklas;THOR;Sweden
Thomas;PARTEY;Ghana
Daniel;GUSTAFSSON;Sweden
Ren;SHIBAMOTO;Japan
Erling;H?LAND;Norway
Alejandro;FUENMAYOR;Venezuela
Andrei;DUMITER;Romania
Panagiotis;KONE;Greece
Yuto;NAGATOMO;Japan
Naoaki;AOYAMA;Japan
Anthony;BLONDELL;Venezuela
Rafik;ZEKHNINI;Norway
Mikael;SOISALO;Finland
Daniel;POPA;Romania
Abderrahmane;MEZIANE;Algeria
Srdjan;GRAHOVAC;Bosnia And Herzegovina
Sean;MCDERMOTT;Ireland
Owain;WILLIAMS;Wales
Liam;COOPER;Scotland
Hosam;AIESH;Sweden
Cãtãlin;STRATON;Romania
Alec;KANN;United States Of America
Akito;FUKUTA;Japan
Andrija;NOVAKOVICH;United States Of America
Tatsuya;MORITA;Japan
David;OKEREKE;Nigeria
Edgar;PRIB;Russia
Petter;STRAND;Norway
Andreas;HOPMARK;Norway
Joel;ASORO;Sweden
Andreas;LINDE;Sweden
Marek;HAMŠÍK;Slovakia
Ryan;GIGGS;Wales
Martin;ROSETH;Norway
Hamdi;AKUJOBI;Nigeria
James;KOTEI;Ghana
Niclas;ELIASSON;Sweden
Peter;CHERRIE;Scotland
Liridon;KALLUDRA;Sweden
Yuya;HASHIUCHI;Japan
Jamie;MACKIE;Scotland
Viljar;VEVATNE;Norway
Dimitris;DIAMANTAKOS;Greece
Kieran;TIERNEY;Scotland
Kerim;MRABTI;Sweden
Albert;ADOMAH;Ghana
Ole;SELN?S;Norway
Rollin;MENAYESE;Wales
Etzaz;HUSSAIN;Norway
Antonio;SANABRIA;Paraguay
Peter;PEKARÍK;Slovakia
Andre;II;United States Of America
Tomoki;IWATA;Japan
Mihai;PINTILII;Romania
Alexander;GERNDT;Sweden
Jonathan;LEWIS;United States Of America
Musah;NUHU;Ghana
Justin;MORROW;United States Of America
Marian;PLEA?CÃ;Romania
Georges;MANDJECK;Cameroon
Ken;MATSUBARA;Japan
Ghayas;ZAHID;Norway
Viktor;PRODELL;Sweden
Edgar;SALLI;Cameroon
Ryosuke;YAMANAKA;Japan
Patrick;MCELENEY;Ireland
Kristoffer;GUNNARSHAUG;Norway
Joseph;AIDOO;Ghana
Masato;FUJITA;Japan
Ivan;LAPSHOV;Russia
Alexander;TVETER;Norway
Alexandru;DANDEA;Romania
Ko;ITAKURA;Japan
Aaron;HERRERA;United States Of America
Dániel;GYOLLAI;Hungary
Eric;MILLER;United States Of America
Fabrice;ONDOA;Cameroon
Victor;ADEBOYEJO;Nigeria
Marian;TÂR?Ã;Romania
Takuma;ABE;Japan
Scott;HOGAN;Ireland
Craig;DAVIES;Wales
Kevin;KELLY;Ireland
Róbert;MAZÁÒ;Slovakia
Nebiyou;PERRY;Sweden
Bogdan;VÃTÃJELU;Romania
Onni;VALAKARI;Finland
Dmitriy;EFREMOV;Russia
Matt;DOHERTY;Ireland
Adama;TRAORÉ;Mali
Andrei;PI?IAN;Romania
Mikael;ISHAK;Sweden
Liam;KELLY;Scotland
So;FUJITANI;Japan
Dmytro;CHYGRYNSKYI;Ukraine
Alan;POWER;Ireland
Denis;DRÃGU?;Romania
Steven;ANDERSON;Scotland
Ole;HALVORSEN;Norway
Rob;CORNWALL;Ireland
Torgil;GJERTSEN;Norway
Mikael;JOHNSEN;Norway
Samuel;ASAMOAH;Ghana
Petri?or;PETRESCU;Romania
Ivan;ZLOBIN;Russia
Hiroki;FUJIHARU;Japan
Shaun;WILLIAMS;Ireland
Yannick;MBONE;Cameroon
Zlatko;DEDIÈ;Slovenia
Alexandr;GOLOVIN;Russia
Valtteri;MOREN;Finland
DeAndre;YEDLIN;United States Of America
Ionu?;VÎNÃ;Romania
Hiroshi;IBUSUKI;Japan
Trevor;CLARKE;Ireland
Craig;MACGILLIVRAY;Scotland
Ola;KAMARA;Norway
Robbie;MCCOURT;Ireland
Zvonimir;KOŽULJ;Bosnia And Herzegovina
Dániel;SALLÓI;Hungary
Glenn;WHELAN;Ireland
Shunki;HIGASHI;Japan
Ciaran;KELLY;Ireland
Andrei;?ERBAN;Romania
Niklas;BACKMAN;Sweden
Carlos;PONCK;Cape Verde
Takuji;YONEMOTO;Japan
Keaton;PARKS;United States Of America
Zelimkhan;BAKAEV;Russia
Nelu?;RO?U;Romania
Anton;KOCHENKOV;Russia
Mamudu;MORO;Ghana
Don;COWIE;Scotland
Jakub;VOJTUŠ;Slovakia
Josh;MULLIN;Scotland
Tom;BARLOW;United States Of America
Marc;MCNULTY;Scotland
Yevhen;SHAKHOV;Ukraine
Cãtãlin;GOLOFCA;Romania
John;BJÖRKENGREN;Sweden
Vasile;CONSTANTIN;Romania
Sebastian;LARSSON;Sweden
Cian;COLEMAN;Ireland
Chris;RICHARDS;United States Of America
Wilfrid;KAPTOUM;Cameroon
Kaan;KAIRINEN;Finland
Elliott;HEWITT;Wales
Gjermund;?SEN;Norway
Anders;JENSSEN;Norway
Sho;INAGAKI;Japan
Stefan;ISHIZAKI;Sweden
Zsolt;KORCSMÁR;Hungary
František;PLACH;Slovakia
Konstantin;MARADISHVILI;Russia
Andrei;MARINESCU;Romania
David;KARLSSON;Sweden
Eirik;D?NNEM;Norway
Cristian;CHERCHEZ;Romania
Joe;WILLIS;United States Of America
Ionu?;PAN?ÎRU;Romania
Gary;O'NEILL;Ireland
Vlad;ACHIM;Romania
Moussa;DIAKITÉ;Mali
Rasmus;ALM;Sweden
Daryl;MURPHY;Ireland
Ande;NDOH;Cameroon
Bernard;KYERE;Ghana
Kyohei;YOSHINO;Japan
Ivar;R?NNING;Norway
Nemanja;NIKOLIÆ;Hungary
Eric;LARSSON;Sweden
Valentin;COJOCARU;Romania
Vegard;MOBERG;Norway
;;
Shun;MORISHITA;Japan
Cheick;KEITA;Mali
Daigo;NISHI;Japan
Erlend;S?RH?Y;Norway
Marius;?TEFÃNESCU;Romania
Ahmed;MUSA;Nigeria
Roman;YAREMCHUK;Ukraine
Shunta;AWAKA;Japan
Markus;ROSENBERG;Sweden
Yuya;OKI;Japan
Brady;SCOTT;United States Of America
Fredrik;JENSEN;Norway
;;
Ryunosuke;NODA;Japan
Joshua;DEBAYO;Nigeria
Christian;GRINDHEIM;Norway
Artem;DOVBYK;Ukraine
Tommy;THOMPSON;United States Of America
Kalle;BJÖRKLUND;Sweden
Cy;GODDARD;Japan
Louis;YAMAGUCHI;Japan
Jozy;ALTIDORE;United States Of America
Ken;SEMA;Sweden
Ronald;MUKIIBI;Sweden
Jacori;HAYES;United States Of America
Kei;ISHIKAWA;Japan
Islam;SLIMANI;Algeria
Panagiotis;RETSOS;Greece
Bright;OSAYI-SAMUEL;Nigeria
Narcis;BÃDIC;Romania
Rei;MATSUMOTO;Japan
Peter;ABRAHAMSSON;Sweden
Ryota;AOKI;Japan
Bernard;TEKPETEY;Ghana
Serhiy;SYDORCHUK;Ukraine
Cammy;MACPHERSON;Scotland
Kota;SANADA;Japan
Victor;RÎMNICEANU;Romania
Ionu?;BICEANU;Romania
Birk;RISA;Norway
Daniel;O'REILLY;Ireland
Matija;BOBEN;Slovenia
Fredrik;MIDTSJ?;Norway
Per;FRICK;Sweden
Volodymyr;SHEPELEV;Ukraine
Jean-Armel;KANA-BIYIK;Cameroon
John;ALVB?GE;Sweden
Robert;ROJAS;Paraguay
Enock;ADU;Ghana
Michaël;ESSIEN;Ghana
Andrei;PETELEU;Romania
Kyle;ZOBECK;United States Of America
Ebenezer;ASSIFUAH;Ghana
Isaac;SACKEY;Ghana
Tomoaki;MAKINO;Japan
Dennis;COLLANDER;Sweden
Mateo;SUŠIÆ;Bosnia And Herzegovina
Ruben;SAMMUT;Scotland
Kentaro;MORIYA;Japan
Stéphane;M'BIA;Cameroon
Matt;BERSANO;United States Of America
Manato;SHINADA;Japan
Ferid;ALI;Sweden
Shaun;MACDONALD;Wales
Robbie;BENSON;Ireland
Mustapha;FOFANA;Norway
Martin;VALJENT;Slovakia
Sam;BYRNE;Ireland
Hiroyuki;TAKASAKI;Japan
Cristian;NÚ?EZ;Paraguay
Shota;ARAI;Japan
Kevin;LONG;Ireland
Kyriakos;PAPADOPOULOS;Greece
Eric;BJÖRKANDER;Sweden
Ionu?;STOICA;Romania
Ema;TWUMASI;Ghana
Eirik;HESTAD;Norway
Ryo;GERMAIN;Japan
Gabriel;ÁVALOS;Paraguay
Pierce;PHILLIPS;Ireland
Hiroyuki;ABE;Japan
Matt;DOHERTY;Ireland
Andy;BOYLE;Ireland
Behrang;SAFARI;Sweden
Silviu;LUNG;Romania
Jordan;AYEW;Ghana
Rolf;FELTSCHER;Venezuela
Ryotaro;MESHINO;Japan
Daniel;AKPEYI;Nigeria
Yusuke;MARUHASHI;Japan
Victor;WERNERSSON;Sweden
Lukáš;HRÁDECKÝ;Finland
Rajko;REP;Slovenia
Leo;BENGTSSON;Sweden
Denis;CHERYSHEV;Russia
Riku;RISKI;Finland
Kenshin;YOSHIMARU;Japan
Niklas;SANDBERG;Norway
Tim;PRICA;Sweden
Wes;BURNS;Wales
Niklas;HULT;Sweden
Sam;FOLEY;Ireland
Alfredo;MORALES;United States Of America
Torbj?rn;HEGGEM;Norway
Simon;MADDEN;Ireland
Koki;HARADA;Japan
Bright;ENOBAKHARE;Nigeria
Marko;MALETIÆ;Bosnia And Herzegovina
Odin;BJÖRTUFT;Norway
Russell;CANOUSE;United States Of America
Takuya;OGIWARA;Japan
Mattias;JOHANSSON;Sweden
Keita;NAKAMURA;Japan
Bradley;GARMSTON;Ireland
Ryosuke;SHINDO;Japan
Oscar;WENDT;Sweden
Rasmus;ELM;Sweden
Yasushi;ENDO;Japan
Joseph;PAINTSIL;Ghana
Dax;MCCARTY;United States Of America
Fiacre;KELLEHER;Ireland
Simen;RAFN;Norway
George;BOYD;Scotland
Milan;ŠKRINIAR;Slovakia
Farid;MELALI;Algeria
Graham;DORRANS;Scotland
Scott;CUTHBERT;Scotland
Andrei;CORDEA;Romania
Andrei;CHINDRI?;Romania
Bálint;VÉCSEI;Hungary
Martin;LORENTZSON;Sweden
Nikolas;KAINOURGIOS;Greece
Alexander;HOLMSTRÖM;Sweden
Douglas;BERGQVIST;Sweden
David;MARSHALL;Scotland
Fredrik;LIVERSTAM;Sweden
Will;JÄÄSKELÄINEN;Finland
William;ESKELINEN;Sweden
Johan;BERTILSSON;Sweden
Eirik;ANDERSEN;Norway
Sh?ichi;GONDA;Japan
Kento;HASHIMOTO;Japan
Andriy;SHEVCHENKO;Ukraine
Joe;MORRELL;Wales
Marek;RODÁK;Slovakia
Jukka;RAITALA;Finland
Thomas;ISHERWOOD;Sweden
;;
Alexandros;PASCHALAKIS;Greece
Albin;EKDAL;Sweden
Takuo;OKUBO;Japan
Rabbi;MATONDO;Wales
Leon;BALOGUN;Nigeria
Sam;LAVELLE;Scotland
Alexandru;MITRI?Ã;Romania
Dean;WALSH;Ireland
Ethan;ERHAHON;Scotland
Pavle;VAGIC;Sweden
Toshihiro;AOYAMA;Japan
Amer;ORDAGIÆ;Bosnia And Herzegovina
Filip;SACHPEKIDIS;Sweden
Darío;CÁCERES;Paraguay
Andrew;DALLAS;Scotland
Andrei;CIOBANU;Romania
Chris;CADDEN;Scotland
Oliver;MCBURNIE;Scotland
Jhonatan;PÉREZ;Venezuela
Óscar;ROMERO;Paraguay
Adrian;?UT;Romania
Shogo;TANIGUCHI;Japan
Adam;WIBERG;Sweden
Jonathan;LUNNEY;Ireland
Vyacheslav;KARAVAEV;Russia
Ivan;NÄSBERG;Norway
Abdul;AJAGUN;Nigeria
Maksym;MALYSHEV;Ukraine
Kenneth;KRONHOLM;United States Of America
Dillon;POWERS;United States Of America
Salomón;RONDÓN;Venezuela
Amund;WICHNE;Norway
Dominic;THOMAS;Scotland
Masaya;MATSUMOTO;Japan
Christián;HERC;Slovakia
Jeffrey;SCHLUPP;Ghana
Runar;HAUGE;Norway
Mohamed;ELYOUNOUSSI;Norway
Yasuyuki;KONNO;Japan
Foster;LANGSDORF;United States Of America
Ubong;EKPAI;Nigeria
Marcus;ROHDÉN;Sweden
Rãzvan;PLE?CA;Romania
Bilal;HUSSEIN;Sweden
Adil;TITI;Sweden
Charles;DUNNE;Ireland
Silviu;BALAURE;Romania
M?ns;SÖDERQVIST;Sweden
Mix;DISKERUD;United States Of America
Enda;STEVENS;Ireland
Dimitrios;NIKOLAOU;Greece
Eljif;ELMAS;Macedonia
Ernest;OHEMENG;Ghana
Luis;SILVA;United States Of America
Louis;THOMPSON;Wales
Mikey;DEVLIN;Scotland
Rifat;ZHEMALETDINOV;Russia
Jalen;ROBINSON;United States Of America
;GUILHERME;Russia
Julien;LÓPEZ;Algeria
Hiroki;MIYAZAWA;Japan
Marius;BRICEAG;Romania
Oscar;LINNÉR;Sweden
Emmanuel;BOATENG;Ghana
Yoshinori;SUZUKI;Japan
Conrad;LOGAN;Ireland
Nwankwo;OBIORA;Nigeria
Sander;WERNI;Norway
Imoh;EZEKIEL;Nigeria
Jesús;HERNÁNDEZ;Venezuela
Uroš;KORUN;Slovenia
Alexandru;PÃUN;Romania
Alexander;FALTSETAS;Sweden
Aboubacar;KEITA;United States Of America
Cian;MURPHY;Ireland
Eric;CALVILLO;United States Of America
Alexander;FRANSSON;Sweden
Vladyslav;KUCHERUK;Ukraine
Yuki;NOGAMI;Japan
Matt;HEDGES;United States Of America
Ryota;MORIWAKI;Japan
Victor;BONIFACE;Nigeria
Tom;CAIRNEY;Scotland
Alejandro;GUIDO;United States Of America
Ross;STEWART;Scotland
Felix;MYHRE;Norway
Pablo;MARTÍNEZ;Paraguay
Cristian;GANEA;Romania
Lev;YASHIN;Russia
Shane;MCNAMEE;Ireland
Roy;KEANE;Ireland
Ioannis;KARSANIDIS;Greece
Stevie;MALLAN;Scotland
Robert;ION;Romania
Mergim;LACI;Sweden
Tadanari;LEE;Japan
Anton;SALÉTROS;Sweden
Yasuto;WAKIZAKA;Japan
Florin;NI?Ã;Romania
Cecilio;DOMÍNGUEZ;Paraguay
Brian;EASTON;Scotland
Boris;SEKULIÆ;Slovakia
Graham;SMITH;United States Of America
Sergiy;KRYVTSOV;Ukraine
Konstantinos;TRIANTAFYLLOPOULOS;Greece
Omar;EDDAHRI;Sweden
Kazuki;KOZUKA;Japan
Konstantin;KUCHAEV;Russia
Martin;KOŠÁL;Slovakia
Matt;TURNER;United States Of America
Seigo;KOBAYASHI;Japan
Phil;BARDSLEY;Scotland
Roman;PROCHÁZKA;Slovakia
Nick;RIMANDO;United States Of America
Thore;PEDERSEN;Norway
Gakuto;NOTSUDA;Japan
Leigh;GRIFFITHS;Scotland
Alexander;S?RLOTH;Norway
Simon;OLSSON;Sweden
Servando;CARRASCO;United States Of America
Matej;PUÈKO;Slovenia
Stefan;JOHANSEN;Norway
Collins;FAI;Cameroon
ªtefan;RADU;Romania
Darren;RANDOLPH;Ireland
Denys;BOYKO;Ukraine
Arvid;BRORSSON;Sweden
James;TALBOT;Ireland
Sebastian;PEDERSEN;Norway
Robert;SNODGRASS;Scotland
Rãzvan;MARIN;Romania
Ryoya;OGAWA;Japan
Benjamin;VERBIÈ;Slovenia
Nana;AMPOMAH;Ghana
Alexandre;SONG;Cameroon
Emil;CEIDE;Norway
James;JONES;Scotland
Shusaku;NISHIKAWA;Japan
Andy;IRVING;Scotland
Daiki;ENOMOTO;Japan
Chidera;EZEH;Nigeria
;HÉLDON;Cape Verde
Mu;KANAZAKI;Japan
Tobias;B?RKEEIET;Norway
Lucas;BARRIOS;Paraguay
Alfred;DUNCAN;Ghana
Dominic;CHATTO;Nigeria
Russell;MARTIN;Scotland
Keisuke;OSAKO;Japan
Alexander;NADJ;Sweden
Jay;O'SHEA;Ireland
Conor;MASTERSON;Ireland
Taishi;MATSUMOTO;Japan
Benjamin;NYGREN;Sweden
Ricki;LAMIE;Scotland
Rasmus;SCHÜLLER;Finland
Cameron;CARTER-VICKERS;United States Of America
Clark;ROBERTSON;Scotland
Liam;SHEPHARD;Wales
Paul;IACOB;Romania
Lucian;DUMITRIU;Romania
Kenny;MCLEAN;Scotland
Takuya;KIDA;Japan
Andriy;LUNIN;Ukraine
Ionu?;LARIE;Romania
Christian;PULISIC;United States Of America
Eljif;ELMAS;Macedonia
Stole;DIMITRIEVSKI;Macedonia
Ryan;MANNING;Ireland
Mikhail;IGNATOV;Russia
Sergiu;HANCA;Romania
Erling;H?LAND;Norway
Dimitrios;PELKAS;Greece
Ermedin;DEMIROVIÆ;Bosnia And Herzegovina
Delio;OJEDA;Paraguay
Alhassan;WAKASO;Ghana
Johan;DAHLIN;Sweden
Aaron;LEWIS;Wales
Nicolai;N?SS;Norway
Robin;WIKBERG;Sweden
Stefano;VECCHIA;Sweden
Callum;PATERSON;Scotland
Anthony;FONTANA;United States Of America
Mihai;BUTEAN;Romania
Ian;SIRELIUS;Sweden
Paul;MUKAIRU;Nigeria
Dominic;MAROH;Slovenia
Yuya;ONO;Japan
David;TURNBULL;Scotland
Paschalis;STAIKOS;Greece
Reziuan;MIRZOV;Russia
Keisuke;IWASHITA;Japan
Lassi;LAPPALAINEN;Finland
Fedor;CHALOV;Russia
Lee;NGUYEN;United States Of America
Zlatko;TRIPIÆ;Norway
Tim;REAM;United States Of America
Christoffer;AASBAK;Norway
Eoin;DOYLE;Ireland
Evan;BUSH;United States Of America
Darius;OLARU;Romania
Marlon;FOSSEY;United States Of America
Mehdi;JEANNIN;Algeria
Ciarán;COLL;Ireland
Adrian;POPA;Romania
Cosmin;FRÃSINESCU;Romania
Mikel;VILLANUEVA;Venezuela
Dmitriy;RYBCHINSKIY;Russia
Luka;MIJALJEVIC;Sweden
Kenny;DALGLISH;Scotland
Daisuke;NASU;Japan
Nathan;BOYLE;Ireland
Edward;MORILLO;Venezuela
Alan;JUDGE;Ireland
John;IGBARUMAH;Nigeria
Jake;HASTIE;Scotland
Luka;KRAJNC;Slovenia
Stephen;KINGSLEY;Scotland
;SIMY;Nigeria
Kenneth;OMERUO;Nigeria
Cristian;ROLDAN;United States Of America
Adam;OUNAS;Algeria
Alex;IWOBI;Nigeria
Ramy;BENSEBAINI;Algeria
Thomas;AGYEPONG;Ghana
Nouha;DICKO;Mali
Brendan;HINES-IKE;United States Of America
Tarik;ELYOUNOUSSI;Norway
Aaron;LONG;United States Of America
Samuel;ADEGBENRO;Nigeria
Mihai;ROMAN;Romania
Marokhy;NDIONE;Sweden
Rami;HAJAL;Sweden
Ambroise;OYONGO;Cameroon
Mark;O'BRIEN;Ireland
Rece;BUCKMASTER;United States Of America
Scott;ALLAN;Scotland
Stefanos;KAPINO;Greece
Csongor;FEJÉR;Romania
Karl;HOLMBERG;Sweden
Nnamdi;OFOBORH;Nigeria
Suleiman;ABDULLAHI;Nigeria
Nikita;MEDVEDEV;Russia
Ousmane;DIAKITÉ;Mali
Emil;HARLOFF;Norway
Aidy;WHITE;Ireland
Shingo;HYODO;Japan
Wataru;HASHIMOTO;Japan
Tomas;HILLIARD-ARCE;United States Of America
Ivan;OBLYAKOV;Russia
Ermin;BIÈAKÈIÆ;Bosnia And Herzegovina
Lazaros;LAMPROU;Greece
Filip;DAGERST?L;Sweden
Oumar;GONZALEZ;Cameroon
Ellis;HARRISON;Wales
Nobuki;IKETAKA;Japan
Hidetoshi;NAKATA;Japan
Kingsley;SCHINDLER;Ghana
Takuma;OMINAMI;Japan
Sten;GRYTEBUST;Norway
Sebastian;HOLMÉN;Sweden
Konstantinos;LAMPROU;Greece
Moses;OGBU;Nigeria
David;FÄLLMAN;Sweden
James;IGBEKEME;Nigeria
Sofiane;DAHAM;Algeria
Jake;TAYLOR;Wales
Justin;STEEG;United States Of America
Amahl;PELLEGRINO;Norway
Markus;HENRIKSEN;Norway
Yuzo;KURIHARA;Japan
Zack;STEFFEN;United States Of America
Daleho;IRANDUST;Sweden
Darian;MACKINNON;Scotland
Luis;ARGUDO;United States Of America
Shane;DUGGAN;Ireland
Anton;WEDE;Sweden
Yutaka;YOSHIDA;Japan
Dylan;CONNOLLY;Ireland
Charlie;KELMAN;United States Of America
Daniel;MUSHITU;Sweden
Dom;DWYER;United States Of America
Mats;D?HLI;Norway
Konstantinos;TSIMIKAS;Greece
Marius;LECA;Romania
Kevin;WALKER;Sweden
Lars-J?rgen;SALVESEN;Norway
Vasile;OLARIU;Romania
Yukitoshi;ITO;Japan
Dario;DUMIÆ;Bosnia And Herzegovina
Gabriel;DEAC;Romania
Sebastian;SOTO;United States Of America
Majeed;WARIS;Ghana
Evan;TWEED;Ireland
Abdul;MUMIN;Ghana
Mubarak;WAKASO;Ghana
Cyrus;CHRISTIE;Ireland
Maki;TALL;United States Of America
Stergos;MARINOS;Greece
Evan;LOURO;United States Of America
Markus;UUSITALO;Finland
?tefan;RUSU;Romania
Tristan;BLACKMON;United States Of America
Andreas;BLOMQVIST;Sweden
Herman;GEELMUYDEN;Norway
Greg;STEWART;Scotland
Jacob;KARLSTR?M;Norway
Sondre;LISETH;Norway
Karl;SHEPPARD;Ireland
Teal;BUNBURY;United States Of America
Sherko;FAIQI;Sweden
Souleymane;DIARRA;Mali
Seámus;CONNEELY;Ireland
Adam;ROONEY;Ireland
Tom;JAMES;Wales
Johan;BRATTBERG;Sweden
Franklin;WADJA;Cameroon
Timothy;WEAH;United States Of America
Shunsuke;KIKUCHI;Japan
Desevio;PAYNE;United States Of America
Daichi;HAYASHI;Japan
Jamie;MURPHY;Scotland
Kota;WATANABE;Japan
Botond;BARÁTH;Hungary
Shunta;TANAKA;Japan
Ross;STEWART;Scotland
Kazuya;MIYAHARA;Japan
Ikechi;ANYA;Scotland
Haris;HAJRADINOVIÆ;Bosnia And Herzegovina
Saku;YLÄTUPA;Finland
Islam;SLIMANI;Algeria
Georgie;POYNTON;Ireland
Yoyo;MAHDY;Ireland
Eiichi;KATAYAMA;Japan
Paul;MARTIN;Ireland
Iain;VIGURS;Scotland
Martin;BJ?RNBAK;Norway
Eduard;FLORESCU;Romania
Athanasios;ANDROUTSOS;Greece
Joel;OBI;Nigeria
Yuta;NAKAYAMA;Japan
Yaw;YEBOAH;Ghana
Jack;HAMILTON;Scotland
Even;BARLI;Norway
Falaye;SACKO;Mali
Darragh;LEAHY;Ireland
Harmeet;SINGH;Norway
Rafik;HALLICHE;Algeria
Omar;ELABDELLAOUI;Norway
Ulrik;JENSSEN;Norway
Darren;MCCAULEY;Ireland
Ola;BRYNHILDSEN;Norway
Giannis;ANESTIS;Greece
Jovane;CABRAL;Cape Verde
Matt;REAL;United States Of America
Aslak;FALCH;Norway
Faf?;PICAULT;United States Of America
Viktor;TSYGANKOV;Ukraine
Jay-Jay;OKOCHA;Nigeria
Bryan;MEREDITH;United States Of America
Shuto;YAMAMOTO;Japan
Daniel;GRAOVAC;Bosnia And Herzegovina
Sam;LUNDHOLM;Sweden
Adam;HENLEY;Wales
Sean;SCANNELL;Ireland
Simon;STRAND;Sweden
Alexandre;OUKIDJA;Algeria
Hokuto;SHIMODA;Japan
Benjamin;KIMPIOKA;Sweden
Christian;PULISIC;United States Of America
Mohammed;ABUBAKARI;Ghana
Erik;FRIBERG;Sweden
Kim;RIKSVOLD;Norway
Denis;CIOBOTARIU;Romania
Edder;FARIAS;Venezuela
Tudor;BÃLU?Ã;Romania
Alexandru;MATEIU;Romania
Caleb;EKUBAN;Ghana
Erik;BERG;Sweden
Akito;FUKUMORI;Japan
Sebastien;IBEAGHA;United States Of America
Ryogo;YAMASAKI;Japan
John;O'SULLIVAN;Ireland
Freyn;FIGUEROA;Venezuela
Giorgios;MASOURAS;Greece
Kaisei;ISHII;Japan
Kalifa;COULIBALY;Mali
Jin;HIRATSUKA;Japan
Emmanuel;DENNIS;Nigeria
Daniel;O'SHAUGHNESSY;Finland
Adam;GRINWIS;United States Of America
J?rgen;?VERAAS;Norway
Svante;INGELSSON;Sweden
Alexandru;MAXIM;Romania
Blair;ALSTON;Scotland
Freddie;LADAPO;Nigeria
Takashi;KANAI;Japan
Alexander;TETTEY;Norway
Bruno;LEITE;Cape Verde
Vlad;DANALE;Romania
Daniel;BERNTSEN;Norway
Cosmin;BÎRNOI;Romania
Kim;RIKSVOLD;Norway
Roland;NICZULY;Romania
Shane;DUFFY;Ireland
Caleb;STANKO;United States Of America
Luca;TORRE;United States Of America
Pantelis;HATZIDIAKOS;Greece
Donald;LOVE;Scotland
Richard;BOATENG;Ghana
Malik;ASSELAH;Algeria
Saphir;TA?DER;Algeria
Drew;MOOR;United States Of America
Ruslan;MALINOVSKYI;Ukraine
Greg;CUNNINGHAM;Ireland
Aaron;CONNOLLY;Ireland
Tatsuya;IT?;Japan
Ethan;HORVATH;United States Of America
Ian;RUSH;Wales
Jesper;LÖFGREN;Sweden
Herman;FOSSDAL;Norway
Owen;EVANS;Wales
Senad;LULIÆ;Bosnia And Herzegovina
Ryan;JACK;Scotland
Leonard;ZUTA;Macedonia
Ruslan;MALINOVSKYI;Ukraine
Lukáš;HRÁDECKÝ;Finland
Alexandr;TASHAEV;Russia
Simon;KROON;Sweden
Blessing;ELEKE;Nigeria
Wilfred;NDIDI;Nigeria
Anastasios;DONIS;Greece
Marius;LUNDEMO;Norway
Johnny;RUSSELL;Scotland
Tate;SCHMITT;United States Of America
Benjamin;STOKKE;Norway
Alexandru;CORBAN;Romania
Teemu;PUKKI;Finland
Daire;O'CONNOR;Ireland
Tim;SPARV;Finland
Lars-J?rgen;SALVESEN;Norway
Júlio;TAVARES;Cape Verde
Jere;URONEN;Finland
Connor;MALONEY;United States Of America
Stefan;SCOUGALL;Scotland
Tsukasa;SHIOTANI;Japan
Wayne;HENNESSEY;Wales
Ludwig;AUGUSTINSSON;Sweden
Kristoffer;?DEMARKSBAKKEN;Norway
Erik;HURTADO;United States Of America
Wuilker;FARÍ?EZ;Venezuela
Saúl;SALCEDO;Paraguay
Arild;?STB?;Norway
Dimitrios;KOLOVOS;Greece
Michael;PARKHURST;United States Of America
Jon;STANKOVIÆ;Slovenia
Nuno;COSTA;Cape Verde
Nicky;ADAMS;Wales
Mohamed;FARES;Algeria
Shinnosuke;NAKATANI;Japan
Isak;MAGNUSSON;Sweden
Bobby;SHUTTLEWORTH;United States Of America
Yuji;ROKUTAN;Japan
Petteri;FORSELL;Finland
;;
Katsuya;NAGATO;Japan
;PLATINI;Cape Verde
Erik;FIGUEROA;Sweden
Sergiy;BOLBAT;Ukraine
Philimon;TAWIAH;Ghana
Riku;MATSUDA;Japan
Scott;MCKENNA;Scotland
Andrei;VLAD;Romania
Héber;GARCÍA;Venezuela
Jeppe;MOE;Norway
Bruno;VALDEZ;Paraguay
Masato;TOKIDA;Japan
Joe;JACOBSON;Wales
Liam;KERRIGAN;Ireland
P?l;KIRKEVOLD;Norway
Justin;HAAK;United States Of America
Sam;LARSSON;Sweden
Stephen;O'DONNELL;Scotland
Emmanuel;APEH;Nigeria
Rasmus;BENGTSSON;Sweden
Greg;DOCHERTY;Scotland
Sebastian;ANDERSSON;Sweden
Jan;OBLAK;Slovenia
Daiki;MATSUOKA;Japan
Nathan;BROADHEAD;Wales
Edgar;BARRETO;Paraguay
Boris;ROTENBERG;Finland
Scott;BROWN;Scotland
Marley;WATKINS;Wales
Elvir;KOLJIÆ;Bosnia And Herzegovina
Tomohiko;MIYAZAKI;Japan
Seth;PAINTSIL;Ghana
Anthony;RALSTON;Scotland
Andreas;HANCHE-OLSEN;Norway
Danylo;SIKAN;Ukraine
Garry;RODRIGUES;Cape Verde
Mark;DIGNAM;Ireland
Taiyo;HAMA;Japan
Lukáš;HARASLÍN;Slovakia
Francisc;CRISTEA;Romania
Dimitris;LIMNIOS;Greece
Greg;GARZA;United States Of America
Danny;MANDROIU;Ireland
Alex;MACDONALD;Scotland
Gustav;JARL;Sweden
Liam;HENDERSON;Scotland
Hidetoshi;NAKATA;Japan
Toshio;SHIMAKAWA;Japan
Edin;DŽEKO;Bosnia And Herzegovina
David;EDWARDS;Wales
Alex;HORWATH;United States Of America
Geani;CRE?U;Romania
Axel;SJÖBERG;Sweden
Egil;SELVIK;Norway
Andrei;RADU;Romania
Jesper;ISAKSEN;Norway
Keith;BUCKLEY;Ireland
Dominic;HYAM;Scotland
Abdul;KHALILI;Sweden
Chris;WONDOLOWSKI;United States Of America
Tobias;LAURITSEN;Norway
Stephen;GLEESON;Ireland
Quentin;WESTBERG;United States Of America
Andreas;LANDGREN;Sweden
Braian;SAMUDIO;Paraguay
Steffen;SK?LEVIK;Norway
Valentin;COSTACHE;Romania
William;YARBROUGH;United States Of America
Gojko;CIMIROT;Bosnia And Herzegovina
Riki;HARAKAWA;Japan
Abu;FRANCIS;Ghana
Cameron;YATES;Scotland
Rodin;DEPREM;Sweden
Rasmus;SANDBERG;Norway
José;HERNÁNDEZ;Venezuela
Rasmus;LINDKVIST;Sweden
Fabian;JOHNSON;United States Of America
Cãtãlin;ITU;Romania
Blaž;KRAMER;Slovenia
Martin;LINNES;Norway
DaMarcus;BEASLEY;United States Of America
Mattias;MOSTRÖM;Sweden
Ethan;ZUBAK;United States Of America
Simon;COX;Ireland
Barry;ROCHE;Ireland
Ben;LUNDGAARD;United States Of America
;;
Jonathan;AMON;United States Of America
Rade;KRUNIÆ;Bosnia And Herzegovina
Kyohei;NOBORIZATO;Japan
George;GANEA;Romania
Aslak;WITRY;Norway
Martin;OVENSTAD;Norway
Colm;DEASY;Ireland
Lewis;STEVENSON;Scotland
Patrick;OKONKWO;Nigeria
Fredrik;BJ?RKAN;Norway
Fernando;ARCE;United States Of America
Antonio;DELAMEA;Slovenia
Alex;IACOVITTI;Scotland
Carter;MANLEY;United States Of America
Cory;GALVIN;Ireland
Frédéric;BONG;Cameroon
Rãzvan;OAIDÃ;Romania
Matúš;KOZÁÈIK;Slovakia
Sondre;S?RLI;Norway
Kosuke;SHIRAI;Japan
Hasan;DUMAN;Norway
Yuya;KUBO;Japan
Jalil;ANIBABA;United States Of America
Shane;DUFFY;Ireland
Scott;WRIGHT;Scotland
Atomu;TANAKA;Japan
Jack;BAIRD;Scotland
Kota;YAMADA;Japan
Mohammed;SALISU;Ghana
Francisco;BÁEZ;Paraguay
Conor;WILKINSON;Ireland
Alexandru;BÃLUTÃ;Romania
Go;HATANO;Japan
Jakob;GLESNES;Norway
Kaina;YOSHIO;Japan
Ágoston;KISS;Hungary
Charlie;MULGREW;Scotland
Giannis;BOUZOUKIS;Greece
Adam;ROSCROW;Wales
Ryan;FINN;Ireland
David;GRAY;Scotland
Ole;SÖDERBERG;Sweden
Tyler;ROBERTS;Wales
Simen;KJELLEVOLD;Norway
Eric;LICHAJ;United States Of America
Ben;DAVIES;Wales
Raffaele;CRETARO;Ireland
Dom;JEFFERIES;Wales
Konstantinos;KOTSARIS;Greece
Kazuki;YAMAGUCHI;Japan
Jan;MLAKAR;Slovenia
Christian;RAMIREZ;United States Of America
Jimmy;MCLAUGHLIN;United States Of America
Forrest;LASSO;United States Of America
Johnny;DUNLEAVY;Ireland
Vlad;DRAGOMIR;Romania
Yuta;TOYOKAWA;Japan
Christian;SANTOS;Venezuela
Hirofumi;WATANABE;Japan
Yevhen;OPANASENKO;Ukraine
Raúl;BOBADILLA;Paraguay
Vassilis;TOROSIDIS;Greece
Markus;NAKKIM;Norway
Santiago;PATI?O;United States Of America
Aaron;GREENE;Ireland
Michael;O'CONNOR;Ireland
Andriy;PYATOV;Ukraine
Shu;MOGI;Japan
Steven;WHITTAKER;Scotland
Lee;EVANS;Wales
Orestis;KARNEZIS;Greece
Tatsuya;HASEGAWA;Japan
Danilson;CRUZ;Cape Verde
Piotr;JOHANSSON;Sweden
Ryan;BROOM;Wales
Rob;ELLIOT;Ireland
Claudiu;BELU-IORDACHE;Romania
Sokratis;DIOUDIS;Greece
Darren;POTTER;Ireland
Aleksander;FOOSN?S;Norway
Erdin;DEMIR;Sweden
Cheick;DOUCOURÉ;Mali
Daniel;OPARE;Ghana
Akeem;LATIFU;Nigeria
Valericã;GÃMAN;Romania
Marcus;FORSS;Finland
Leon;KLASSEN;Russia
Jack;BONHAM;Ireland
Gwion;EDWARDS;Wales
Michael;BARKER;Ireland
Giona;LEIBOLD;United States Of America
Roman;BEZUS;Ukraine
Manolis;SIOPIS;Greece
Marius;LODE;Norway
Rok;VODIŠEK;Slovenia
Mario;VRANÈIÆ;Bosnia And Herzegovina
Per;KARLSSON;Sweden
Jure;BALKOVEC;Slovenia
Joachim;THOMASSEN;Norway
Josef;MARTÍNEZ;Venezuela
Phil;OFOSU-AYEH;Ghana
Helge;SANDVIK;Norway
Shintaro;KURUMAYA;Japan
Jimmy;MAURER;United States Of America
Andreas;GRANQVIST;Sweden
Denys;GARMASH;Ukraine
Ryosuke;KOJIMA;Japan
Bogdan;?ÎRU;Romania
Orji;OKWONKWO;Nigeria
Jefferson;SAVARINO;Venezuela
Magnus;ERIKSSON;Sweden
Daniel;BJÖRNQUIST;Sweden
Graham;CUMMINS;Ireland
Anders;KONRADSEN;Norway
Allan;NYOM;Cameroon
Carlos;STRANDBERG;Sweden
Jumpei;KUSUKAMI;Japan
Simen;WANGBERG;Norway
Nils;FRÖLING;Sweden
Harry;COCHRANE;Scotland
Jacob;AKANYIRIGE;United States Of America
Hassani;DOTSON;United States Of America
Tommy;MCNAMARA;United States Of America
Koji;MIYOSHI;Japan
Chris;GUNTER;Wales
Anthony;FORDE;Ireland
Brandon;KAVANAGH;Ireland
Arnaud;DJOUM;Cameroon
Rob;KIERNAN;Ireland
